bucket_ts,wallet,legs,perp_notional_usd,option_notional_usd,premium_bought_usd,premium_sold_usd,realized_pnl_usd,fees_usd
1790946900,0x0bc091C77Ff0D4Df68331B4e2eD6BcDC687F7dFb,7,0.0,10052.51,0.0,0.0,-62.15,10.05
1790946900,0x15efc06FEa57Bda3ceA94A53D5426E78ed4651F3,10,13916.14,0.0,0.0,0.0,13.42,2.09
1790946900,0x1f78Fb1234d2f9685fb35AcB1cf484eca83F8F63,17,7828.7,1382.01,22.3,0.0,-0.1,0.35
1790946900,0x2Fd96bd26E7a3c694DBD5ae5E2C29249a83b8a98,29,70385.51,0.0,0.0,0.0,20.14,0.07
1790946900,0x3556b809156585Ae22561fE51372339bb81EdE45,19,30096.86,0.0,0.0,0.0,-5.97,2.5
1790946900,0x3aAa2bB57a0eFeA8F6f89423A923f7107c33471B,9,54818.19,25864.94,293.15,150.45,487.07,0.0
1790946900,0x3bf64B8c8ce86abDBcF44Fa5a559E27eb9F63Efb,3,0.0,554392.75,1394.07,5576.17,0.0,0.0
1790946900,0x403bd54bfbD48839BFDA7269ED1750a69759E089,1,0.0,13748.86,0.0,147.0,55.1,1.37
1790946900,0x4804fde836222E393a7ce0Bf5fd76eE98576C4Ea,2,0.0,550206.3,5474.77,1394.07,0.0,83.03
1790946900,0x793F59010D878848327aF4052790273D01215D62,5,0.0,5498.77,0.0,0.0,0.0,2.75
1790946900,0x8573f3332bc9F6A342590f8C5D35f9B2a23A47EA,1,0.0,1382.01,0.0,22.3,0.0,0.91
1790946900,0x872b6F66F1b433825491aCccd33dEd11da939e99,2,0.0,25864.94,150.45,293.15,0.0,4.38
1790946900,0x8E87D8308D439c88dDF48762AA5D3C99b8366a3a,47,144107.73,0.0,0.0,0.0,-89.05,11.05
1790946900,0x93337BBEA97C6db86D11E5E466704e95273E5736,1,0.0,86613.51,416.0,0.0,0.0,26.48
1790946900,0x978e3eb7997a9575cdE1799176829073d2876Fb9,2,412.12,0.0,0.0,0.0,0.0,0.06
1790946900,0x9f22342F7c27FF810EF3DF125827376f1883f681,1,0.0,4186.45,101.4,0.0,0.0,1.76
1790946900,0xBC8015FA779be6ac91e5616f37e1768b8DbC16df,1,0.0,86.61,0.42,0.0,0.0,0.0
1790946900,0xE1DC5576b36c78C75e6Abf2E1B121Db20A6069b7,3,0.0,103112.49,147.0,436.9,63.15,1.03
1790946900,0xc24EFa4D2b9Ac968aCf90eB1E136E89496B193c0,1,0.0,86.61,0.0,0.42,-1.06,0.53
1790946900,0xd34bFc021AC39722490Db9a38D5e22c2A593e78a,9,0.0,4833.14,0.0,0.0,-1.07,2.36
1790946900,0xda276881b8526674e5BCD1b0755eE98bd3d07f2A,1,317.1,0.0,0.0,0.0,7.21,0.11
1790946900,0xda50a7E41BEb66B2a613bc22a206fb1cF34FFaE2,5,0.0,118.56,0.0,0.0,0.0,0.02
1790946900,0xeAd467C69b3e6aE86cfE8aac82bF942C74e3f233,1,0.0,2750.13,20.9,0.0,0.0,1.33
1790946900,0xea19Fe621592b9aF895f2d8d5Af7288C02FbBbF3,1,32.92,0.0,0.0,0.0,1.41,0.02
1790946900,0xebC11Ac4450E3eA74F5D65e5c0138A0C50a2DE4f,46,106472.07,0.0,0.0,0.0,0.0,15.97
1790947800,0x15efc06FEa57Bda3ceA94A53D5426E78ed4651F3,1,1000.55,0.0,0.0,0.0,13.54,0.15
1790947800,0x1f78Fb1234d2f9685fb35AcB1cf484eca83F8F63,5,3035.82,0.0,0.0,0.0,-3.76,0.0
1790947800,0x2Fd96bd26E7a3c694DBD5ae5E2C29249a83b8a98,3,6192.22,0.0,0.0,0.0,-0.68,0.0
1790947800,0x3556b809156585Ae22561fE51372339bb81EdE45,5,7006.41,0.0,0.0,0.0,-0.29,0.5
1790947800,0x3aAa2bB57a0eFeA8F6f89423A923f7107c33471B,1,1818.64,0.0,0.0,0.0,37.23,0.0
1790947800,0x8E87D8308D439c88dDF48762AA5D3C99b8366a3a,12,14475.22,0.0,0.0,0.0,-6.33,0.59
1790947800,0x978e3eb7997a9575cdE1799176829073d2876Fb9,1,550.23,0.0,0.0,0.0,4.34,0.08
1790947800,0x9b0cFA748c7Ca58CF2f17B396EdcFDdD1f74AD6E,1,0.0,2752.74,5.6,0.0,0.0,1.2
1790947800,0xBC8015FA779be6ac91e5616f37e1768b8DbC16df,1,0.0,2752.74,0.0,5.6,0.0,0.0
1790947800,0xebC11Ac4450E3eA74F5D65e5c0138A0C50a2DE4f,10,16369.44,0.0,0.0,0.0,0.0,2.46
1790947800,0x021d21f43d6d8921eF876Ec72f59E45820883B8F,1,0.0,2740.13,32.4,0.0,0.0,0.0
1790947800,0x05cfF5B6DC5697AA54200b42c51ee54aFE5eF875,1,0.0,2740.13,0.0,32.4,0.0,1.32
1790947800,0x15efc06FEa57Bda3ceA94A53D5426E78ed4651F3,1,4999.3,0.0,0.0,0.0,0.0,0.75
1790947800,0x1c847e46576ba210189381C0c512C58278121d42,4,733.93,1091.77,3.4,8.07,0.0,0.0
1790947800,0x1f78Fb1234d2f9685fb35AcB1cf484eca83F8F63,19,9513.58,1389.98,23.5,0.0,-4.08,0.25
1790947800,0x1fD0876eEAaB1Af9BbF3EeB70064bc03bf111718,1,545.58,0.0,0.0,0.0,-1.25,0.0
1790947800,0x2Fd96bd26E7a3c694DBD5ae5E2C29249a83b8a98,31,95559.45,0.0,0.0,0.0,-52.63,0.0
1790947800,0x2b65466293220B36D1a49e1fCe6099c21011b515,1,0.0,13827.25,0.0,135.0,0.0,1.38
1790947800,0x309B408fEd3948EEf95b7e8809B530eD2a63f565,2,0.0,276115.71,3230.0,1530.0,0.0,20.96
1790947800,0x3556b809156585Ae22561fE51372339bb81EdE45,23,41640.2,0.0,0.0,0.0,-5.36,3.19
1790947800,0x3aAa2bB57a0eFeA8F6f89423A923f7107c33471B,44,377101.11,206943.95,381.96,2752.6,-969.25,1.8
1790947800,0x3bf64B8c8ce86abDBcF44Fa5a559E27eb9F63Efb,7,0.0,272835.21,335.41,4224.62,-4002.75,0.0
1790947800,0x403bd54bfbD48839BFDA7269ED1750a69759E089,2,0.0,13811.8,0.0,71.94,-13.3,4.64
1790947800,0x5452f7082A0F962947C30eb2bFfbcD245F857F91,7,0.0,4524.96,0.0,122.3,-55.17,1.02
1790947800,0x5695d875EA9030D9c0c44c153df73D86ff84E760,1,0.0,27623.21,364.0,0.0,0.0,8.79
1790947800,0x57D20F8aF5875aD611dC836f78e4992DDA5E6073,1,0.0,21764.15,0.0,30.75,0.0,0.0
1790947800,0x5A616aE691D90608f8905998993D737DB6AA10e5,2,0.0,8284.6,0.0,169.5,0.0,3.49
1790947800,0x5Ef1c3836bffC1aa5Cb992E19AA96B25a6104c65,3,0.0,273417.22,4131.1,0.0,1664.11,83.53
1790947800,0x5b32E4541989430EDe82660b0D0544e26637a2d0,3,0.0,175281.83,7327.38,0.0,0.0,48.01
1790947800,0x64523E777A0d64102aEA61219FA83C0Bbd79a6fC,2,0.0,1613.92,8.07,8.0,1.07,0.81
1790947800,0x6eCAfc045F42372bbb4aF64a3Ec8904237739EB1,1,0.0,2759.34,59.0,0.0,0.0,0.28
1790947800,0x7E2E468D4ad19Ab5DeB133E5593adC2036E6686b,4,0.0,99410.03,1901.17,671.36,0.0,15.91
1790947800,0x8573f3332bc9F6A342590f8C5D35f9B2a23A47EA,1,0.0,1392.64,0.0,22.3,0.0,0.14
1790947800,0x8E87D8308D439c88dDF48762AA5D3C99b8366a3a,87,486629.07,0.0,0.0,0.0,-892.84,61.25
1790947800,0x8c390f5B9BA41E192Bf581F6d29FE7ec63F35745,2,0.0,87040.43,135.75,0.0,0.0,17.97
1790947800,0x978e3eb7997a9575cdE1799176829073d2876Fb9,10,7722.48,0.0,0.0,0.0,-82.26,1.16
1790947800,0x9B2A6B704ba9AC49e142A1e425c3d75fB7348E4F,2,0.0,7570.11,423.83,226.18,0.0,1.64
1790947800,0xBC8015FA779be6ac91e5616f37e1768b8DbC16df,2,0.0,13535.5,69.12,6.04,0.0,0.0
1790947800,0xBFc18bd7c77B20e9611F1526043153Baf6c19ceE,2,0.0,23760.38,35.54,31.99,-11.68,8.13
1790947800,0xD9884e6f8a8Bc801E24bB19E371d71D626C22680,1,0.0,9140.4,0.0,200.0,0.0,0.0
1790947800,0xDe099Eb5aD575591eC3F34A79B0bb441ccfC5BB7,1,0.0,260829.25,0.0,5550.0,2594.2,26.08
1790947800,0xE1DC5576b36c78C75e6Abf2E1B121Db20A6069b7,14,0.0,729290.82,5984.08,8554.49,-2505.65,28.41
1790947800,0xEA2Eec3dc92E860ca7c00DDa51f1AfbCD1fC2E73,4,7143.19,0.0,0.0,0.0,5.46,0.98
1790947800,0xEAc2374016613765cF31afDB4AEB6f5d13a63726,7,0.0,760524.43,1559.31,8638.6,-111.04,34.26
1790947800,0xF54b31bAd5aEB21a26AD3FF0f15A6589Ec58107b,4,0.0,16554.62,92.98,152.96,0.0,3.48
1790947800,0xF7957c8b20DbD3FcA93686B07679aee8e6755c43,1,506.88,0.0,0.0,0.0,0.0,0.0
1790947800,0xFfd6339DA9D6a8D84FD5b323a6088441947A10B3,4,0.0,21064.47,222.3,230.25,3.24,4.71
1790947800,0xb7f0146EFd3eB8CBFbb754fbBf3133815c92B4E5,1,0.0,21.98,0.0,0.0,-0.48,0.04
1790947800,0xd5fAFC944Be25c335F84cd3269919122aE7ab625,1,0.0,276.17,6.04,0.0,0.0,0.58
1790947800,0xda50a7E41BEb66B2a613bc22a206fb1cF34FFaE2,1,0.0,21.98,0.0,0.0,0.0,0.0
1790947800,0xebC11Ac4450E3eA74F5D65e5c0138A0C50a2DE4f,57,106820.0,831425.72,9081.86,1157.4,-2495.68,33.16
1790947800,0xfE6e3099dc514A63bd2Fe79BD3d9e8a653bBAF06,1,0.0,27879.46,0.0,881.45,-249.72,2.09
1790948700,0x1f78Fb1234d2f9685fb35AcB1cf484eca83F8F63,2,1099.63,0.0,0.0,0.0,-0.32,0.0
1790948700,0x3556b809156585Ae22561fE51372339bb81EdE45,2,1099.63,0.0,0.0,0.0,-0.13,0.16
1790948700,0x5695d875EA9030D9c0c44c153df73D86ff84E760,1,0.0,13807.13,318.5,0.0,0.0,4.64
1790948700,0x793F59010D878848327aF4052790273D01215D62,2,0.0,404.36,0.0,0.0,0.0,0.2
1790948700,0x8E87D8308D439c88dDF48762AA5D3C99b8366a3a,4,8210.5,0.0,0.0,0.0,0.0,0.0
1790948700,0xEAc2374016613765cF31afDB4AEB6f5d13a63726,1,0.0,13807.13,0.0,318.5,0.0,0.0
1790948700,0xFfd6339DA9D6a8D84FD5b323a6088441947A10B3,2,0.0,404.36,0.0,0.0,-1.43,0.61
1790948700,0xebC11Ac4450E3eA74F5D65e5c0138A0C50a2DE4f,4,8210.5,0.0,0.0,0.0,0.0,1.23
