day,index,index_src,carry_day,carry_pairs,carry,points,contracts,atm7,atm30,atm90,rr7,rr30,n7,n30,n90,atm7_a,atm30_a,atm90_a,rr7_a,rr30_a,atm7_b,atm30_b,atm90_b,rr7_b,rr30_b,rec_atm7,rec_atm30,rec_atm90,rec_rr7,rec_rr30,rec_n
2026-06-18,1.166455,perp,,0,0.05,1,20000.0,,,,,,0,0,0,,,,,,,,,,,,,,,,0
2026-06-19,1.134969,candle,,0,0.05,1,20000.0,,,,,,0,0,0,,,,,,,,,,,,,,,,0
2026-06-24,1.07013,perp,,0,0.05,1,200.0,,,,,,0,0,0,,,,,,,,,,,,,,,,0
2026-06-25,1.0326,perp,0.26256,1,0.05,3,520.0,,,,,,0,0,0,,,,,,,,,,,,,,,,0
2026-06-26,1.042995,perp,0.000383,1,0.05,7,50624.0,,,,,,0,0,0,,,,,,,,,,,,,,,,0
2026-06-27,1.054567,perp,,0,0.05,7,33222.0,,0.577537,,,,0,6,0,,,,,,,,,,,,,,,,0
2026-06-29,1.052219,perp,,0,0.05,5,41600.0,,,,,,0,0,0,,,,,,,,,,,,,,,,0
2026-07-01,1.063,perp,,0,0.05,4,610.0,,,,,,0,0,0,,,,,,,,,,,,,,,,0
2026-07-02,1.055958,perp,,0,0.05,2,600.0,,,,,,0,0,0,,,,,,,,,,,,,,,,0
2026-07-03,1.13056,perp,,0,0.05,9,2600.0,,,,,,0,0,0,,,,,,,,,,,,,,,,0
2026-07-04,1.143129,perp,,0,0.05,7,1202.0,,,,,,0,0,0,,,,,,,,,,,,,,,,0
2026-07-05,1.149764,candle,,0,0.05,1,600.0,,,,,,0,0,0,,,,,,,,,,,,,,,,0
2026-07-06,1.116947,perp,,0,0.05,4,82180.0,,,,,,0,0,0,,,,,,,,,,,,,,,,0
2026-07-08,1.105347,perp,,0,0.05,3,400.0,,,,,,0,0,0,,,,,,,,,,,,,,,,0
2026-07-09,1.092048,candle,,0,0.05,3,600.0,,,,,,0,0,0,,,,,,,,,,,,,,,,0
2026-07-10,1.097521,perp,,0,0.05,1,10200.0,,,,,,0,0,0,,,,,,,,,,,,,,,,0
2026-07-13,1.0655,perp,,0,0.05,1,200.0,,,,,,0,0,0,,,,,,,,,,,,,,,,0
2026-07-14,1.068889,perp,,0,0.05,5,1000.0,,,,,,0,0,0,,,,,,,,,,,,,,,,0
2026-07-15,1.111472,perp,,0,0.05,3,820.0,,,,,,0,0,0,,,,,,,,,,,,,,,,0
2026-07-16,1.106864,perp,,0,0.05,4,29600.0,,,,,,0,0,0,,,,,,,,,,,,,,,,0
2026-07-17,1.077273,perp,,0,0.05,1,200.0,,,,,,0,0,0,,,,,,,,,,,,,,,,0
2026-07-18,1.085482,perp,,0,0.05,2,940.0,,,,,,0,0,0,,,,,,,,,,,,,,,,0
2026-07-19,1.0961,perp,,0,0.05,1,600.0,,,,,,0,0,0,,,,,,,,,,,,,,,,0
2026-07-22,1.133418,perp,,0,0.05,1,200.0,,,,,,0,0,0,,,,,,,,,,,,,,,,0
2026-07-23,1.132997,perp,,0,0.05,10,41200.0,,,,,,0,0,0,,,,,,,,,,,,,,,,0
2026-07-24,1.095548,perp,,0,0.05,3,2000.0,,,,,,0,0,0,,,,,,,,,,,,,,,,0
2026-07-25,1.095193,perp,,0,0.05,1,200.0,,,,,,0,0,0,,,,,,,,,,,,,,,,0
2026-07-26,1.103621,perp,,0,0.05,2,11320.0,,,,,,0,0,0,,,,,,,,,,,,,,,,0
2026-07-27,1.091481,perp,,0,0.05,1,100.0,,,,,,0,0,0,,,,,,,,,,,,,,,,0
2026-07-28,1.060468,candle,,0,0.05,1,100.0,,,,,,0,0,0,,,,,,,,,,,,,,,,0
2026-07-29,1.08656,perp,,0,0.05,1,500.0,,,,,,0,0,0,,,,,,,,,,,,,,,,0
2026-07-31,1.066363,perp,0.025428,1,0.05,11,940000.0,,0.492029,,,-0.042341,0,6,0,,,,,,,,,,,,,,,,0
2026-08-01,1.053199,perp,,0,0.05,2,22200.0,,,,,,0,0,0,,,,,,,,,,,,,,,,0
2026-08-02,1.076718,perp,,0,0.05,2,2780.0,,,,,,0,0,0,,,,,,,,,,,,,,,,0
2026-08-06,1.047704,perp,,0,0.05,3,20200.0,,,,,,0,0,0,,,,,,,,,,,,,,,,0
2026-08-07,1.0175,perp,,0,0.05,3,3000.0,,,,,,0,0,0,,,,,,,,,,,,,,,,0
2026-08-08,1.035448,candle,,0,0.05,2,840.0,,,,,,0,0,0,,,,,,,,,,,,,,,,0
2026-08-10,1.026643,perp,,0,0.05,1,1040.0,,,,,,0,0,0,,,,,,,,,,,,,,,,0
2026-08-11,1.012328,perp,0.091044,2,0.05,17,12758.0,,,,,,0,0,0,,,,,,,,,,,,,,,,0
2026-08-12,1.017198,perp,,0,0.05,2,64.0,,,,,,0,0,0,,,,,,,,,,,,,,,,0
2026-08-13,1.003666,perp,,0,0.05,4,660.0,,,,,,0,0,0,,,,,,,,,,,,,,,,0
2026-08-14,0.9996,perp,,0,0.05,1,200.0,,,,,,0,0,0,,,,,,,,,,,,,,,,0
2026-08-15,1.0012,perp,0.05194,2,0.05194,11,1062120.0,,,,,,0,0,0,,,,,,,,,,,,,,,,0
2026-08-16,0.998914,perp,,0,0.05194,2,10840.0,,,,,,0,0,0,,,,,,,,,,,,,,,,0
2026-08-17,0.999684,perp,0.061714,2,0.056827,9,363720.0,,,,,,0,0,0,,,,,,,,,,,,,,,,0
2026-08-18,0.998654,perp,,0,0.056827,3,4200.0,,,,,,0,0,0,,,,,,,,,,,,,,,,0
2026-08-19,1.07896,perp,,0,0.061714,14,24880.0,,0.479159,,,0.043108,0,6,0,,,,,,,,,,,,,,,,0
2026-08-20,1.182946,perp,-0.001001,8,0.056827,37,2323252.491652,0.613862,,,-0.047086,,13,0,0,,,,,,0.625743,,,-0.031012,,,,,,,0
2026-08-21,1.303868,perp,-0.163453,5,0.05194,47,2680260.0,0.67951,0.552582,,0.04394,0.009193,23,9,0,0.680082,,,0.044754,,0.677692,0.553175,,0.043608,0.009194,,,,,,0
2026-08-22,1.579472,perp,-0.224924,1,0.025469,24,450100.0,0.802022,0.77232,,,0.059733,9,6,0,,,,,,0.797264,,,,,,,,,,0
2026-08-23,1.49135,perp,,0,0.025469,16,1062960.0,,,,,,0,0,0,,,,,,,,,,,,,,,,0
2026-08-24,1.471623,perp,,0,0.025469,10,133600.0,,,,,,0,0,0,,,,,,,,,,,,,,,,0
2026-08-25,1.467878,perp,,0,0.025469,21,105790.0,,0.879028,,,-0.260788,0,6,0,,,,,,,,,,,,,,,,0
2026-08-26,1.439574,perp,0.097817,1,0.025469,26,3724278.0,,0.77808,,,0.131873,0,11,0,,0.769468,,,,,0.779396,,,0.129256,,,,,,0
2026-08-27,1.451194,perp,0.097291,2,0.05194,15,20420.0,,,,,,0,0,0,,,,,,,,,,,,,,,,0
2026-08-28,1.418744,perp,,0,0.05194,9,251780.0,,,,,,0,0,0,,,,,,,,,,,,,,,,0
2026-08-29,1.383661,perp,,0,0.05194,10,68220.0,,,,,,0,0,0,,,,,,,,,,,,,,,,0
2026-08-30,1.380218,perp,0.159978,1,0.061714,9,6000.0,,0.733527,,,,0,6,0,,,,,,,0.750882,,,,,,,,,0
2026-08-31,1.378899,perp,,0,0.061714,7,6900.0,,,,,,0,0,0,,,,,,,,,,,,,,,,0
2026-09-01,1.360225,perp,0.052916,1,0.052916,8,68780.0,,,,,,0,0,0,,,,,,,,,,,,,,,,0
2026-09-02,1.344009,perp,-0.01709,2,0.025957,16,2440600.0,,0.591548,,,-0.027681,0,10,0,,,,,,,0.594872,,,-0.025934,,,,,,0
2026-09-03,1.418787,perp,,0,0.025957,21,1271980.0,,0.546796,,,-0.022021,0,13,0,,,,,,,,,,,,,,,,0
2026-09-04,1.399501,perp,,0,0.052916,15,121940.0,,,,,,0,0,0,,,,,,,,,,,,,,,,0
2026-09-05,1.398686,perp,0.015242,1,0.052916,6,462300.0,,,,,,0,0,0,,,,,,,,,,,,,,,,0
2026-09-06,1.417325,perp,,0,0.075104,5,13660.0,,,,,,0,0,0,,,,,,,,,,,,,,,,0
2026-09-07,1.421553,perp,,0,0.075104,4,23100.0,,,,,,0,0,0,,,,,,,,,,,,,,,,0
2026-09-08,1.418133,perp,,0,0.075104,5,9320.0,,,,,,0,0,0,,,,,,,,,,,,,,,,0
2026-09-09,1.393583,perp,,0,0.075104,4,24000.0,,,,,,0,0,0,,,,,,,,,,,,,,,,0
2026-09-10,1.355059,perp,,0,0.052916,7,16920.0,,,,,,0,0,0,,,,,,,,,,,,,,,,0
2026-09-11,1.367869,candle,,0,0.034079,15,236280.0,,,,,,0,0,0,,,,,,,,,,,,,,,,0
2026-09-12,1.362769,perp,,0,0.034079,1,20.0,,,,,,0,0,0,,,,,,,,,,,,,,,,0
2026-09-13,1.344123,perp,,0,0.034079,8,29620.0,,,,,,0,0,0,,,,,,,,,,,,,,,,0
2026-09-14,1.416484,candle,0.018928,1,0.017085,40,3363280.0,0.58432,,,-0.033432,,17,0,0,0.583178,,,-0.016561,,0.550737,,,0.009794,,,,,,,0
2026-09-15,1.335376,candle,,0,0.017085,22,781540.0,,0.656792,,,0.020265,0,10,0,,,,,,,,,,,,,,,,0
2026-09-16,1.262485,perp,0.174444,2,0.017085,21,142260.0,,0.681864,,,-0.066136,0,8,0,,,,,,,,,,,,,,,,0
2026-09-17,1.298975,perp,0.090171,3,0.054549,13,66700.0,,,,,,0,0,0,,,,,,,,,,,,,,,,0
2026-09-18,1.391534,perp,0.09684,1,0.090171,20,277910.0,0.726777,0.616327,,0.185517,-0.03335,6,9,0,,,,,,,,,,,,,,,,0
2026-09-19,1.414999,perp,,0,0.090171,5,31100.0,,,,,,0,0,0,,,,,,,,,,,,,,,,0
2026-09-20,1.387038,perp,,0,0.093505,13,77980.0,,0.626742,,,0.0109,0,9,0,,,,,,,,,,,,,,,,0
2026-09-21,1.48892,perp,0.05918,4,0.090171,41,1634144.0,0.704161,0.676949,,-0.019842,0.092026,11,18,0,0.731007,0.629608,,-0.080586,0.013087,,0.681139,,,0.128523,,,,,,0
2026-09-22,1.558239,candle,-0.022308,2,0.074676,36,1721460.0,,0.735623,,,0.064986,0,15,0,,0.768637,,,0.099695,,0.710001,,,0.017655,,,,,,0
2026-09-23,1.4913,perp,,0,0.074676,32,1456820.0,,0.729194,,,0.029574,0,14,0,,0.697145,,,0.016412,,0.742326,,,-0.021366,,,,,,0
2026-09-24,1.473267,perp,,0,0.074676,20,492380.0,,,,,,0,0,0,,,,,,,,,,,,,,,,0
2026-09-25,1.52782,perp,0.128929,1,0.090171,29,2606060.0,0.85348,,0.72951,0.054821,,7,0,7,,,,,,,,,,,,,,,,0
2026-09-26,1.528609,perp,,0,0.090171,12,469100.0,,,,,,0,0,0,,,,,,,,,,,,,,,,0
2026-09-27,1.516706,perp,,0,0.090171,4,40460.0,,,,,,0,0,0,,,,,,,,,,,,,,,,0
2026-09-28,1.488871,perp,0.342405,1,0.093505,17,338340.0,,0.711893,,,0.002535,0,8,0,,,,,,,,,,,,,,,,0
2026-09-29,1.493028,perp,,0,0.09684,17,272820.0,,,,,,0,0,0,,,,,,,,,,,,,,,,0
2026-09-30,1.51122,perp,,0,0.09684,11,370700.0,,,,,,0,0,0,,,,,,,,,,,,,,,,0
2026-10-01,1.482403,perp,,0,0.093505,5,27400.0,,,,,,0,0,0,,,,,,,,,,,,,,,,0
2026-10-02,1.513337,perp,0.004895,1,0.07801,27,559920.0,,0.685041,,,0.113876,0,8,0,,0.745178,,,,,,,,,,,,,,64
