timestamp,open,high,low,close,volume
1780804800000,7.577626048020725,7.722965866190986,7.5277253925832674,7.713286282075818,0.0
1780819200000,7.7119880239766125,7.843858834433913,7.668085652717174,7.760111867071219,0.0
1780833600000,7.760040509053789,7.794029265828815,7.614234345338223,7.72943166265414,0.0
1780848000000,7.7286884505347455,7.777283950193804,7.551693110847414,7.582907971064864,25.868
1780862400000,7.579085582001597,8.018392719261314,7.570072076705682,7.9143112344140665,645.611
1780876800000,7.915065812672656,8.01635506046966,7.820576757532604,7.852842557161874,391.358
1780891200000,7.855130344262114,7.930589468908845,7.7199070502946645,7.901302522405011,645.103
1780905600000,7.901110490511806,8.004027559767957,7.844846679135878,7.964586566621426,31.861
1780920000000,7.963441138577889,8.1083625458333,7.879237226296138,8.023592920482745,0.0
1780934400000,8.023893253634762,8.075034651195764,7.962806128671422,8.062648760521038,0.0
1780948800000,8.062124636453358,8.125046617475853,7.971426102160525,7.992734851976283,652.603
1780963200000,7.99394627224254,8.011628099500605,7.795796180387714,7.876240278574014,58.151
1780977600000,7.878104047081959,8.022173057204334,7.847716265527164,7.932400787814563,0.0
1780992000000,7.932400787814563,7.9342260125361666,7.83325597337538,7.877739718595753,366.218
1781006400000,7.878648190110739,7.949795279418139,7.708846611097559,7.713916981665782,0.0
1781020800000,7.713969943063642,7.8932810332430225,7.646394014529868,7.869984257953784,0.0
1781035200000,7.870306226164849,7.925346684936179,7.7980778040030865,7.838571307986828,0.0
1781049600000,7.84007547401002,7.870222893554893,7.711667513715063,7.745801950720775,1275.389
1781064000000,7.747320455967466,7.8022017403606245,7.6518420279657455,7.774883722649627,650.136
1781078400000,7.774883722649627,7.7791410364821045,7.607428776952725,7.640996147576557,376.345
1781092800000,7.640512887029034,7.891545102357099,7.6236336383171635,7.800405339485417,0.0
1781107200000,7.799260876958272,7.817426282922709,7.5948374166068815,7.6111080255782895,0.0
1781121600000,7.6124627459988465,7.630184211649769,7.477325606148537,7.5524888560869705,0.0
1781136000000,7.552931923698056,7.817657015483805,7.552788521343396,7.79412851187588,1122.941
1781150400000,7.794305935969292,7.811711700074425,7.737507164569267,7.7623135695752215,642.872
1781164800000,7.76220325738523,7.8715938617279475,7.762138812573405,7.8504382658144864,368.734
1781179200000,7.851062424881361,7.8513756368148755,7.705650704947761,7.7546222132250655,0.0
1781193600000,7.755951366713872,7.9745137632817995,7.679596333210754,7.937674972514655,423.793
1781208000000,7.935949707444106,7.950279297332116,7.865782693804313,7.879734731133842,0.0
1781222400000,7.880675377852125,7.925774173030545,7.8465391882868305,7.894424870791714,0.0
1781236800000,7.893520716909789,7.923291465868379,7.747672796188674,7.806481533175901,0.0
1781251200000,7.805166485671572,7.93437989778486,7.803464943936249,7.890757207745136,0.0
1781265600000,7.890690995866144,8.004548322938788,7.776253377860249,7.812541559362307,0.0
1781280000000,7.812125104111704,7.913179661347923,7.795311126744914,7.837262338073469,0.0
1781294400000,7.8377620347084065,7.8706962700112815,7.8148828527702925,7.863176228142084,51.731
1781308800000,7.863183878271757,7.944212367559188,7.854890955817941,7.887714505905793,0.0
1781323200000,7.885975200309983,7.96407469884353,7.853030669404813,7.957564149624821,0.0
1781337600000,7.957880859225658,7.985959791886552,7.9398448621265185,7.985228983915722,0.0
1781352000000,7.985228983915722,8.0365776179933,7.9704257944818835,8.021814558855993,0.0
1781366400000,8.022551804932892,8.024503286543464,7.946768844040571,7.986360889864209,0.0
1781380800000,7.9863520767501255,8.040397349797582,7.952667250610047,7.97792666497541,27.396
1781395200000,7.97792666497541,8.000204609262047,7.941930195141396,7.959477178975617,75.706
1781409600000,7.958960729317614,7.963243946741789,7.881910473981313,7.898960797717009,30.399
1781424000000,7.8982755258211315,7.945839356828737,7.8727363897935,7.923335570114839,0.0
1781438400000,7.923386142474773,7.926376684093703,7.789326069408628,7.835269105081389,0.0
1781452800000,7.835269105081389,7.8707051239333525,7.782950583971877,7.8175335478218795,0.0
1781467200000,7.817936618703438,8.17681983144985,7.802036943472716,8.17681983144985,0.0
1781481600000,8.17673004554424,8.212249937298818,8.099453855442254,8.191142911003546,0.0
1781496000000,8.191364215493481,8.224801507807783,8.146482386366694,8.177928028203773,0.0
1781510400000,8.177119759815643,8.44206718948633,8.157918326228236,8.303707893978158,950.85
1781524800000,8.304809376457332,8.590142558795845,8.275180628494727,8.555143187754817,597.7
1781539200000,8.553572201176031,8.581536854387863,8.370890983690298,8.406134068405661,0.0
1781553600000,8.404863558106598,8.42035835591755,8.247337085058401,8.292873359855838,0.0
1781568000000,8.292606274015595,8.331811070482248,8.1478392652183,8.248501590434705,0.0
1781582400000,8.248501590434705,8.288473209216386,8.1746484688801,8.280302880591854,0.0
1781596800000,8.280302880591854,8.423198360742344,8.272381433745885,8.327942660047224,0.0
1781611200000,8.327780602700956,8.47234428299595,8.087771674566703,8.190426045036032,0.0
1781625600000,8.19130012672679,8.320411110539922,8.155962109833451,8.244742674734345,0.0
1781640000000,8.245378829600757,8.343868481316898,8.23415891031234,8.276469512801068,56.508
1781654400000,8.278055454051936,8.40739176858615,8.247681205685986,8.347728834950306,28.266
1781668800000,8.348441231919548,8.386116269555316,8.25564830402083,8.284004184116482,82.394
1781683200000,8.284294849698378,8.290967474685111,8.106498841216684,8.14889829336565,105.499
1781697600000,8.149697401725351,8.293027301543729,8.078066647077447,8.287244495817152,0.0
1781712000000,8.287940579246888,8.362730633711793,8.00463073514081,8.028701357867913,0.0
1781726400000,8.028497010548492,8.098825701977026,7.935237556718194,8.086848850790236,0.0
1781740800000,8.086829353851574,8.128869139964484,8.007049010349483,8.02272548715905,0.0
1781755200000,8.0223760093442,8.037161241502512,7.8845207427416435,8.024608219637074,0.0
1781769600000,8.023191833257926,8.058239360813072,7.96503817018389,7.984057577030012,386.179
1781784000000,7.983497677810096,8.117073456371333,7.76764332830543,7.774761031326994,718.72
1781798400000,7.774093752427542,7.929565589436982,7.773062270699797,7.913326112949932,0.0
1781812800000,7.913997487960732,8.009651335594064,7.913116821458273,8.009151495783145,0.0
1781827200000,8.00887243265375,8.033295077550708,7.81865539131926,7.873283543536929,0.0
1781841600000,7.873283543536929,7.911126183100727,7.804577925124074,7.841947254958623,0.0
1781856000000,7.841947254958623,7.871504122849994,7.795301083414234,7.807271697632062,0.0
1781870400000,7.8072482767163,7.944467217864844,7.765044350017216,7.8989611066449426,0.0
1781884800000,7.898094557052888,7.930480016498066,7.843169568150926,7.87497585380418,0.0
1781899200000,7.8750334835221185,7.958283980143,7.843540815706422,7.9371173716289025,0.0
1781913600000,7.937668783611098,7.953376784420328,7.85632868680425,7.887636662977813,0.0
1781928000000,7.886853277601685,8.002743268453575,7.8752375758066,7.956508670152728,0.0
1781942400000,7.9567551468930215,7.976720667518229,7.9201078038642505,7.9308370270940225,0.0
1781956800000,7.930759445889906,8.000124408776736,7.8191910077740925,7.960526351315984,0.0
1781971200000,7.9601077058926295,7.961324706082155,7.85845918332807,7.8925849604499945,0.0
1781985600000,7.8925849604499945,8.00623858568939,7.8808848203992055,7.980281850900166,0.0
1782000000000,7.980428394543854,7.9845439173343555,7.92924589148893,7.962754035443601,0.0
1782014400000,7.9625868296423405,7.97785367238319,7.908345527782443,7.940756393848001,0.0
1782028800000,7.940756393848001,8.001094103373916,7.8886250497805905,7.925863661528652,0.0
1782043200000,7.925827856320867,7.9808950423749625,7.893256014385365,7.976140518991854,134.194
1782057600000,7.9762392689056485,7.981241565945899,7.897492687657298,7.94541435902661,91.577
1782072000000,7.9453040812074445,7.949237456088585,7.762497645943918,7.7741842626919215,0.0
1782086400000,7.7741842626919215,8.010928442262987,7.773329392677931,7.862094666558388,0.0
1782100800000,7.862194579639168,7.98377759061015,7.847402602658736,7.956455440327438,0.0
1782115200000,7.957220646110223,8.08756284791874,7.938493839096465,8.086656863233497,0.0
1782129600000,8.08795562261586,8.146518292450544,7.967003922298492,7.982671975537032,0.0
1782144000000,7.984312575179472,7.9904506059596425,7.878999361549758,7.9088426287929225,0.0
1782158400000,7.907276491708129,7.932487958684236,7.814215942648135,7.85916821940638,0.0
1782172800000,7.860077799439981,7.906525760832387,7.8216509059987365,7.893237632909476,0.0
1782187200000,7.895216393989527,7.8972874410730896,7.636814319650052,7.654170918022386,375.254
1782201600000,7.652218988130932,7.661429914014792,7.4736109417359495,7.606012616822582,0.0
1782216000000,7.6053567363935635,7.6827934336605646,7.536322602312828,7.612989955671185,0.0
1782230400000,7.61330530153378,7.657934143054979,7.537000960934682,7.570813489526109,0.0
1782244800000,7.570813489526109,7.639318421535972,7.562757807238423,7.625286331922642,0.0
1782259200000,7.625474791215803,7.65677038860921,7.5433956456218985,7.5776372087297075,0.0
1782273600000,7.5783889629199,7.661390798006103,7.523083744088095,7.598138561788259,0.0
1782288000000,7.597149840053064,7.6835695924308745,7.5270106052850645,7.624146911524754,0.0
1782302400000,7.62464396059095,7.630981431256169,7.354071292559341,7.354219687894745,0.0
1782316800000,7.354200836492504,7.44321775931442,7.1119237827340065,7.231925453905554,0.0
1782331200000,7.231739712665364,7.4694223011433705,7.222026793187776,7.417877110124558,0.0
1782345600000,7.417596092256146,7.433140869183351,7.3741277868317034,7.394501721569647,0.0
1782360000000,7.394427217903947,7.539946482069357,7.370885465369802,7.5259092801291585,0.0
1782374400000,7.526475542603444,7.5266788481125095,7.413293900775262,7.42992446820836,0.0
1782388800000,7.43041816791415,7.485186136713099,6.997301316717287,7.205308842199172,104.734
1782403200000,7.2040645753149795,7.274615785608356,7.12967306082365,7.176942963427059,0.0
1782417600000,7.177695002827777,7.289756724536707,7.1678831236645175,7.23869811850274,0.0
1782432000000,7.2388689082281505,7.255061945532655,7.00656154165797,7.194201135491514,400.427
1782446400000,7.193694608883661,7.3295503752515,7.1466191706915,7.3176861459549345,0.0
1782460800000,7.3176401163114635,7.324946538413379,7.114799456352832,7.1384694570199985,0.0
1782475200000,7.139534228584675,7.348919561145239,7.052058009345481,7.331647810224833,0.0
1782489600000,7.332221217611511,7.385492016649194,7.276530821550599,7.321632828882433,27.146
1782504000000,7.3253294412782815,7.376657284795088,7.27994511901149,7.34427507150899,420.295
1782518400000,7.34415077421545,7.404095347831467,7.313298066612712,7.353910076495561,0.0
1782532800000,7.354500113017127,7.391651413003444,7.335004803624683,7.373549059214889,62.977
1782547200000,7.373549059214889,7.3750196117797335,7.3200901590888625,7.34648868885071,0.0
1782561600000,7.345193020773745,7.464024718155611,7.329540637530993,7.44332424902999,0.0
1782576000000,7.444568378827896,7.456714091016874,7.295693206044342,7.312857747870596,0.0
1782590400000,7.31204894143289,7.335762807684217,7.238471981444217,7.285717967619225,40.782
1782604800000,7.285717967619225,7.3070363636980105,7.259789049903349,7.2959703935608555,93.522
1782619200000,7.296443307682632,7.2997578468003335,7.211101455675071,7.294608078467044,180.262
1782633600000,7.294608078467044,7.3467131892456825,7.222506645772749,7.278790247931626,176.147
1782648000000,7.278790247931626,7.3206202924070265,7.231983199337575,7.305541982489537,64.189
1782662400000,7.306903911599558,7.308485679546914,7.186391682267562,7.216766654584532,0.0
1782676800000,7.217117037349082,7.2833835648832554,7.1499351157115205,7.258405733923617,0.0
1782691200000,7.2581710974782885,7.35529799012372,7.168560601813192,7.319733715600114,0.0
1782705600000,7.319639875505752,7.341424236936541,7.2086783679395126,7.3149359135139465,0.0
1782720000000,7.3150128005203685,7.3528854066940905,7.267585861614142,7.299274583259242,0.0
1782734400000,7.297203918644477,7.398608547709083,7.1934974746499645,7.318319687794949,0.0
1782748800000,7.317733442593132,7.488831203372362,7.27004906165445,7.4624252843358185,0.0
1782763200000,7.462773778973519,7.465418918421762,7.3619869873081125,7.368739502617776,97.43
1782777600000,7.367348049375124,7.387476115731966,7.2628538484243474,7.276781800210235,91.982
1782792000000,7.278690309413393,7.314724916832675,7.257506733299772,7.288986397465542,0.0
1782806400000,7.288875885785992,7.294277298946984,7.234093762563487,7.2452382191955085,27.595
1782820800000,7.244366653746004,7.258750438651022,7.1118172070447105,7.1462010591946274,0.0
1782835200000,7.146001803498417,7.22391573466585,7.113204504616026,7.19763357723916,27.75
1782849600000,7.195189027657528,7.205129170179722,7.140654965125433,7.193377126152557,30.428
1782864000000,7.1946990103842,7.295121915478869,7.06713959717456,7.282447495132718,0.0
1782878400000,7.280524034151171,7.320531726741337,7.170017986801858,7.192889911143198,27.267
1782892800000,7.1911200712606425,7.2572917173338265,7.167564995501552,7.212603148382804,0.0
1782907200000,7.212847319138181,7.454346292254432,7.182921952903283,7.409848409288791,783.075
1782921600000,7.4133857067668565,7.43781400013868,7.344567077258765,7.371853262603822,717.677
1782936000000,7.3728741710580445,7.525948930512842,7.340250827961848,7.3499247416604385,0.0
1782950400000,7.3501207702531515,7.538569802483293,7.298920141581285,7.532786619982571,0.0
1782964800000,7.534194024332428,7.53468382555548,7.4191330363383585,7.447105999319468,0.0
1782979200000,7.4479341301660185,7.656012623444847,7.439883080171691,7.646287108941629,0.0
1782993600000,7.6454523204824545,7.935358025451815,7.635285744198984,7.779214798496514,2065.902
1783008000000,7.779869721961947,7.811849474466614,7.716532605024181,7.740850559646998,0.0
1783022400000,7.738483404563612,7.751745399620112,7.689797843546286,7.738906573105223,161.065
1783036800000,7.7393426597999255,7.822733135480125,7.7134364212797495,7.757733703754005,0.0
1783051200000,7.757378121141079,7.800419986283299,7.719840404618522,7.75903231321978,0.0
1783065600000,7.758973366987149,7.871964555016013,7.755224627920781,7.867534378368427,3.15
1783080000000,7.867431519882762,7.888752833921909,7.802205618649813,7.838585656676261,0.0
1783094400000,7.838585739854098,7.966913110116529,7.80839233347816,7.939684411125958,103.12
1783108800000,7.9395613372780485,8.027601556753643,7.9199937689855435,7.9673418389962345,0.0
1783123200000,7.96742987689589,7.986160871358697,7.890990266539549,7.91374928364878,0.0
1783137600000,7.91374928364878,7.972610209786727,7.885880169166263,7.917078459635717,0.0
1783152000000,7.917078459635717,7.9391851110799525,7.8744103033703965,7.904805505594438,0.0
1783166400000,7.904805505594438,8.093163773243258,7.904719116994433,8.081009823509,0.0
1783180800000,8.08057425095991,8.171179839949199,8.049489339698521,8.072093076204732,0.0
1783195200000,8.072266066513015,8.085381315709043,7.96632217673389,7.998624219787942,24.995
1783209600000,7.998714047474625,8.001944346238233,7.8703575521506455,7.885952841090649,0.0
1783224000000,7.885952841090649,7.926900538698754,7.846338878616895,7.917746721494269,0.0
1783238400000,7.917948376603077,7.93546110144704,7.8324954338380675,7.881323732578041,0.0
1783252800000,7.881323732578041,8.005538607045551,7.872196266893267,7.961694416954709,0.0
1783267200000,7.96170305149964,8.029273204766431,7.933781891889666,8.012265710829407,0.0
1783281600000,8.01175581721495,8.144468790467574,7.969599464484359,8.055615391217671,0.0
1783296000000,8.055543665427315,8.126930855868528,7.963952435566397,7.988078003856269,0.0
1783310400000,7.9881592253974505,8.000754037769957,7.901983893161641,7.942780228031098,0.0
1783324800000,7.942906391699442,7.979268535745064,7.875847510088143,7.9164917506067844,0.0
1783339200000,7.914180322084933,8.021559921686853,7.753088194180267,8.014844162954258,0.0
1783353600000,8.015846690929788,8.079381125477145,7.978704754688654,8.000188600111752,48.545
1783368000000,8.0003239970388,8.162591054465047,7.9675430919722885,8.018745171930828,75.003
1783382400000,8.019738439871718,8.062439299573317,7.870258853792527,7.8776266578260525,32.232
1783396800000,7.8781309769269,7.942010705645651,7.8088339366191715,7.904410012412788,0.0
1783411200000,7.904773321560521,7.952925622359018,7.876718921012829,7.918801488916837,0.0
1783425600000,7.918824222691571,8.016197576888274,7.791250079039106,7.994816835885466,0.0
1783440000000,7.9953728930772225,8.04287563212498,7.8567089502171354,7.922744780268096,0.0
1783454400000,7.922697913473098,7.9351329015061784,7.797604009771701,7.857201320024036,62.568
1783468800000,7.858007317648996,7.8897009880785305,7.662937777358625,7.693401686249718,0.0
1783483200000,7.6909890099486855,7.723472926702856,7.645037564677029,7.696254989105961,0.0
1783497600000,7.695503242550867,7.716190485252044,7.5397319637621525,7.630458463202907,0.0
1783512000000,7.630253030124017,7.634862417986804,7.5155374730360265,7.544953020789214,0.0
1783526400000,7.545227884154128,7.653927649052991,7.5373916480279775,7.635845250865065,0.0
1783540800000,7.635500195527664,7.6566550560392415,7.588011054094974,7.634800626165899,0.0
1783555200000,7.6347863122910224,7.700070897227777,7.566894506385473,7.616688104724027,0.0
1783569600000,7.618093679387364,7.776869535140299,7.607550477441182,7.722705099919741,0.0
1783584000000,7.722125472385417,7.767291084439671,7.700103412019616,7.728036257917895,0.0
1783598400000,7.727229445155929,7.767425645665644,7.671103074063614,7.696997763325051,0.0
1783612800000,7.697205668177251,7.805884513431812,7.669655946644775,7.767205685916591,0.0
1783627200000,7.76711610206729,7.7785511612084655,7.719946497541842,7.7269266545200574,0.0
1783641600000,7.726882823785589,7.929909436297172,7.703456406187168,7.903293957342489,0.0
1783656000000,7.903293957342489,7.920500017767041,7.870501137678404,7.893708996018034,0.0
1783670400000,7.8936707006124625,8.009697291678393,7.889683458523455,7.987144368691034,0.0
1783684800000,7.984849178877913,8.011274549412033,7.857252596972998,7.919322656036268,0.0
1783699200000,7.920557710734768,7.966209563571347,7.881904933504664,7.9114319373282855,0.0
1783713600000,7.911295358624811,7.966058056617819,7.890434928910209,7.965436550653363,0.0
1783728000000,7.965436550653363,8.001725174430527,7.936070753096602,7.9905392046002515,36.917
1783742400000,7.9905392046002515,8.013794871570383,7.965441646839544,7.98556379159276,0.0
1783756800000,7.98556379159276,8.010094028019273,7.965992957295622,7.997995044884521,0.0
1783771200000,7.997995044884521,8.085969375279957,7.990259343005616,8.05601895391408,0.0
1783785600000,8.056157316610053,8.114075201540984,8.030979545107133,8.073701844483073,0.0
1783800000000,8.073526963445303,8.078283421997728,7.9028816161017215,7.9063000716785705,0.0
1783814400000,7.9085094160544065,8.038791273245229,7.8562551609147055,8.036858666999779,0.0
1783828800000,8.036808387781877,8.043796470702297,7.924116944596665,7.969488757597868,0.0
1783843200000,7.969762870954117,8.031801495066937,7.966186076350446,8.021569988491592,0.0
1783857600000,8.021421060630518,8.09098171917495,8.009075225528623,8.067566915480676,0.0
1783872000000,8.067635767897691,8.079849302270457,8.016820193240173,8.074723932627435,117.649
1783886400000,8.074057345251445,8.098203272926865,7.94194739337157,7.993071904485973,0.0
1783900800000,7.992916433285659,8.129993643717443,7.864358958775996,7.915624480083467,0.0
1783915200000,7.914263840561204,7.98708423920538,7.88205670263782,7.977477199183277,0.0
1783929600000,7.978256122108049,8.006949852427693,7.926228973592738,7.927175463399079,0.0
1783944000000,7.928459020552666,7.9847316875161525,7.853578743112739,7.929945779667256,0.0
1783958400000,7.929931180297934,7.947141861621145,7.788468723125372,7.8939187244583175,0.0
1783972800000,7.89457255658811,7.903243877748792,7.7927386694013165,7.8872792580376405,0.0
1783987200000,7.888039052274346,7.95351378928447,7.856719726611714,7.9110650048641045,0.0
1784001600000,7.911418308443634,7.988102250332997,7.906014258384937,7.91135827995369,0.0
1784016000000,7.910653036555276,7.989145945425125,7.887804971598501,7.98121108907508,0.0
1784030400000,7.981644829277367,8.391494815133077,7.940857380218885,8.297692702131686,2955.182
1784044800000,8.29813480298312,8.308276321492734,8.200778804768856,8.289247687808802,0.0
1784059200000,8.28931532734473,8.348700816780688,8.245263753759495,8.342849777376607,0.0
1784073600000,8.341808648453188,8.351900309909107,8.263081318552619,8.317115736677556,0.0
1784088000000,8.316945579391161,8.404253469576282,8.305807442179546,8.329663261663546,0.0
1784102400000,8.3305425284261,8.429165629273228,8.322345695531956,8.416931927423668,0.0
1784116800000,8.417655294917175,8.624422980816895,8.394190310193299,8.551358253736366,0.0
1784131200000,8.551008272943356,8.566454713567445,8.418247518146817,8.4986985428067,0.0
1784145600000,8.498737452557704,8.568181159167114,8.491900637633362,8.530458001082469,0.0
1784160000000,8.530970858229773,8.560274693528232,8.447377597841196,8.52383725585854,23.504
1784174400000,8.523722027433188,8.56185996641929,8.458743732758304,8.512876227051265,0.0
1784188800000,8.512840397992285,8.516932635192996,8.396945143448452,8.441474598599044,0.0
1784203200000,8.441204836335917,8.489201283501222,8.367095946957981,8.439523403241964,0.0
1784217600000,8.439675881219767,8.44737967572628,8.350741947208462,8.397562374844902,0.0
1784232000000,8.39753337687446,8.452901752633986,8.305886260196575,8.337163905939489,0.0
1784246400000,8.337669362047697,8.362792947590934,8.249532446730171,8.276261139134546,0.0
1784260800000,8.276261139134546,8.303291653974298,8.151624650510094,8.165455897543376,0.0
1784275200000,8.165102712197303,8.219732758970668,8.126224194417889,8.196853416281474,80.0
1784289600000,8.197022326516597,8.19721741487653,8.000685017483725,8.161959972200043,0.0
1784304000000,8.16109522093184,8.283152256153135,8.140046813925858,8.242226064536053,0.0
1784318400000,8.242226064536053,8.277570947540099,8.211619107241129,8.248618550747834,0.0
1784332800000,8.24864481113269,8.29527198677374,8.23244897944711,8.281025604143423,0.0
1784347200000,8.27876122523332,8.278900526152798,8.231028758174531,8.245385976609073,0.0
1784361600000,8.245385976609073,8.288845583508941,8.20562654891586,8.279622213331367,0.0
1784376000000,8.280559130975165,8.335997103528841,8.246942135057706,8.271076855281022,0.0
1784390400000,8.272004454550022,8.351333666372469,8.253733971089858,8.330945078244875,0.0
1784404800000,8.330945078244875,8.371951141243947,8.322455793582424,8.343227368182617,0.0
1784419200000,8.343227368182617,8.389180960701184,8.325173582320101,8.341146271007998,0.0
1784433600000,8.340781855018745,8.37994008682079,8.323739682241962,8.364289972707788,0.0
1784448000000,8.364412301483764,8.378506842999105,8.317495979238505,8.350252627218454,0.0
1784462400000,8.35032684255015,8.38502558231871,8.315140860809272,8.3541195224559,0.0
1784476800000,8.353745680399845,8.373917727589555,8.283961418163376,8.33356148099872,0.0
1784491200000,8.334350677350088,8.404845241144809,8.317149154805508,8.377183505972415,0.0
1784505600000,8.376525875880601,8.525596595634491,8.35780512368968,8.454314659461547,200.0
1784520000000,8.455690598821542,8.464122050425173,8.288089916017837,8.351823262946287,0.0
1784534400000,8.350947208863836,8.510831463640027,8.295362029150624,8.505157452820526,0.0
1784548800000,8.504954479817075,8.557849366149911,8.299375447452862,8.551132427595995,5826.266
1784563200000,8.552476784694655,8.63765015668072,8.503794171580923,8.552669116385685,0.0
1784577600000,8.553655964436953,8.609220737264328,8.516216419297601,8.582435432427777,0.0
1784592000000,8.581979247802721,8.64805967650676,8.561879978698075,8.631116013216833,51.758
1784606400000,8.63037313303237,8.74776381005053,8.617159000968037,8.733645513604372,0.0
1784620800000,8.733575520763559,8.74925216110449,8.678132744685001,8.69831176836578,0.0
1784635200000,8.698305321613852,8.734419381668872,8.645630285543021,8.685122892160695,0.0
1784649600000,8.689856625708012,8.698620030308012,8.597334203816144,8.619847036244643,0.0
1784664000000,8.620002730870496,8.656064418651065,8.596063053900094,8.652877505343092,0.0
1784678400000,8.653579622945855,8.720389787528324,8.646737727920067,8.675978905177269,0.0
1784692800000,8.6762047008339,8.741685797625234,8.567607847059378,8.576984831408819,0.0
1784707200000,8.576502142888431,8.6762204607284,8.572539253456082,8.633916755885284,0.0
1784721600000,8.633916755885284,8.751232031240802,8.57132905044878,8.68539046458103,0.0
1784736000000,8.685004975293932,8.732636685445808,8.581672520251498,8.618144248709328,0.0
1784750400000,8.621466372877407,8.656408732160818,8.582442545012455,8.628471377539274,0.0
1784764800000,8.628582063711608,8.677981640013352,8.58041572504227,8.581735274058339,0.0
1784779200000,8.580426959016789,8.614617964751579,8.520263743730501,8.526542282382465,0.0
1784793600000,8.526525081409469,8.655607072755222,8.519071238595155,8.633890052480782,0.0
1784808000000,8.633229787238115,8.637704902551334,8.410896642458015,8.490810729314434,0.0
1784822400000,8.490482010036379,8.504070058984178,8.424457688245443,8.44946790077362,31.068
1784836800000,8.449454483603287,8.520262602510302,8.443744887853772,8.465013992349165,0.0
1784851200000,8.464175183277657,8.467357714041796,8.389839832922473,8.45069738262572,0.0
1784865600000,8.450815828909844,8.572746364601825,8.412499182828697,8.555647337628889,0.0
1784880000000,8.555506373111097,8.557180956942666,8.424407688367411,8.453688551350298,0.0
1784894400000,8.453961825566093,8.480651412365107,8.285426678677577,8.359717795055085,0.0
1784908800000,8.359649311530978,8.365698112679649,8.304061328466538,8.352423418763895,57.709
1784923200000,8.352423418763895,8.367604089313824,8.289960424627239,8.332786064353773,0.0
1784937600000,8.33278870784871,8.360007110869873,8.309001849082492,8.333140574325366,98.556
1784952000000,8.333142648694153,8.354832667856604,8.282806424845013,8.289007144375233,64.234
1784966400000,8.289007144375233,8.315116528145163,8.259639378122383,8.313845264079777,0.0
1784980800000,8.313750017787605,8.395541956039402,8.302011827737868,8.379531855392866,68.627
1784995200000,8.379649021316803,8.431450727652559,8.366877414931515,8.396526499053417,0.0
1785009600000,8.396565440878245,8.400423971204217,8.352843173178982,8.37534728894331,145.293
1785024000000,8.37527113699213,8.42680012024286,8.369633957113438,8.421138180008226,0.0
1785038400000,8.420954604312383,8.475091964865731,8.394716950895607,8.415429204741171,0.0
1785052800000,8.415593017547721,8.438339119997503,8.397598498876622,8.43316811536245,0.0
1785067200000,8.432544087846733,8.599644530480559,8.416234748314261,8.599644530480559,0.0
1785081600000,8.597807678388731,8.65796580697818,8.55229376627493,8.574173701822234,0.0
1785096000000,8.574173701822234,8.83285019177872,8.562464992253108,8.820760193887988,0.0
1785110400000,8.819302348484321,8.822079942186768,8.713557794294331,8.768418414132382,268.185
1785124800000,8.76849523798835,8.908490651350364,8.752220536860959,8.80979704351152,148.924
1785139200000,8.810180536199727,8.821951875522371,8.743014973334715,8.747930034604012,52.537
1785153600000,8.750936817462287,8.812006880123613,8.534012085155004,8.565048894340126,25.979
1785168000000,8.565721203790043,8.654141136204606,8.545300381546406,8.633102307417063,0.0
1785182400000,8.632993041703742,8.639097309939926,8.341457888231513,8.374728630176088,0.0
1785196800000,8.374986511859134,8.379898129645419,8.274972771364544,8.32291986961741,0.0
1785211200000,8.322913883888004,8.375445820482074,8.296535999677824,8.308391110864067,0.0
1785225600000,8.307468354049739,8.325404004401845,8.267004560598696,8.279411612578846,0.0
1785240000000,8.279144469180016,8.390612486293389,8.18828180282816,8.373802253790384,0.0
1785254400000,8.371693303928303,8.40959125901649,8.303465486369443,8.375796385019834,35.711
1785268800000,8.37910623350257,8.443235906589194,8.348196997206754,8.439399462699818,29.922
1785283200000,8.44092750951285,8.5008191203386,8.319627068960946,8.326558098385966,0.0
1785297600000,8.326193942574173,8.431917311557159,8.280143323272485,8.431081684808127,0.0
1785312000000,8.430946558609014,8.472909189770752,8.366777613399616,8.395982121356043,0.0
1785326400000,8.395972445901332,8.39968132577818,8.2370699944291,8.26487674060898,0.0
1785340800000,8.264939468353532,8.432834895601331,8.2206889223427,8.22545600251288,120.327
1785355200000,8.22320036812095,8.331000298949034,8.15913306211733,8.324875300162706,0.0
1785369600000,8.325485285857134,8.388818020547106,8.269614374955973,8.329627010383795,30.18
1785384000000,8.331098695167325,8.331131927187455,8.252108791544915,8.280517903367583,100.0
1785398400000,8.28088985696672,8.46129740165131,8.267500041059122,8.457512253430613,34.341
1785412800000,8.457168044862659,8.52086368178263,8.408579307855325,8.47504646412577,80.0
1785427200000,8.47514374572121,8.510430123438065,8.443027560504643,8.481658085481559,0.0
1785441600000,8.482049900408365,8.520144349567692,8.44293173454589,8.446507408181658,0.0
1785456000000,8.446330994455323,8.506871820708763,8.315010213358951,8.358895649684726,0.0
1785470400000,8.358918850501993,8.381554650831752,8.241755046667238,8.289407659055016,0.0
1785484800000,8.286024761604201,8.323632655051703,8.207039124265178,8.255276306586891,376.218
1785499200000,8.255276306586891,8.269499073836847,8.015879090319489,8.102940465209405,0.0
1785513600000,8.10244555986182,8.19624424301599,8.093169405645977,8.164266161256288,0.0
1785528000000,8.164469843873864,8.175433409217693,8.12407148431667,8.165150662139231,0.0
1785542400000,8.166199451457562,8.239175805241283,8.164346444270292,8.201373151167523,0.0
1785556800000,8.201381917173633,8.235265405360462,8.125206480883447,8.13035305993576,0.0
1785571200000,8.13035305993576,8.135442858759097,8.075930481173561,8.082152555781002,0.0
1785585600000,8.08493861005227,8.109709844543803,8.07862226969686,8.094032139917445,0.0
1785600000000,8.094023404653012,8.10592661051489,7.883435522350803,7.995338125502619,0.0
1785614400000,7.994389048031439,8.08025982594547,7.98998673598124,8.061061560899846,0.0
1785628800000,8.061428792183502,8.297232585850317,8.048787542432185,8.293092915115121,0.0
1785643200000,8.29355839478822,8.412028894162487,8.27191369711602,8.380470109771698,0.0
1785657600000,8.380458787030067,8.387954471937551,8.25913093435894,8.271044278438564,0.0
1785672000000,8.273013727398544,8.305858624199939,8.259823683724004,8.266945303729708,0.0
1785686400000,8.266945303729708,8.361911038855935,8.242101955389845,8.323959299201187,0.0
1785700800000,8.32429137586528,8.445873443124098,8.311047507713873,8.375106661004972,0.0
1785715200000,8.375698195405143,8.383470512528827,8.228973995727316,8.241174044404115,175.216
1785729600000,8.241174044404115,8.277469370414927,8.205343929595012,8.20960643129486,0.0
1785744000000,8.209676472825896,8.255941342270376,8.15241575470905,8.17740680661669,0.0
1785758400000,8.17740680661669,8.307143504865707,8.153032092379199,8.242282495881975,1145.854
1785772800000,8.24276379996645,8.278020375107136,8.216079332070999,8.226193328913151,0.0
1785787200000,8.22600497205673,8.258044434415538,8.160811094015925,8.179092805514717,0.0
1785801600000,8.17908458381125,8.2262328979839,8.109718546330306,8.188009270747818,0.0
1785816000000,8.188008129364164,8.256258421522862,8.115300813294239,8.166419749675049,0.0
1785830400000,8.166534158740816,8.214448741142856,8.118264110383041,8.208745692661022,0.0
1785844800000,8.207423889875288,8.259865969511901,8.132674349659304,8.187775161670361,0.0
1785859200000,8.187874552659903,8.242356187162141,8.15547680295358,8.210298838178264,0.0
1785873600000,8.210111699256688,8.217280172632483,8.13713241176142,8.145474087508651,0.0
1785888000000,8.145894429753879,8.193185973005697,8.088088171028105,8.118872572990186,0.0
1785902400000,8.118090519620313,8.193155282581928,8.115559894208106,8.183042766870606,0.0
1785916800000,8.183042766870606,8.199380639222781,8.138107723567861,8.143279719051955,0.0
1785931200000,8.143331434449422,8.218506314711574,8.062893266334997,8.103134994308306,0.0
1785945600000,8.103221245848692,8.246271941645448,8.100859708023833,8.182563124295225,0.0
1785960000000,8.183220309747542,8.216854257157777,8.122423951385205,8.153114250040494,0.0
1785974400000,8.153114250040494,8.187116846709257,8.091920999664657,8.109447311629905,0.0
1785988800000,8.108459885154533,8.220091470438376,8.09707727660248,8.181812307734239,0.0
1786003200000,8.181812307734239,8.198524113022561,8.059201212737069,8.151453320562444,0.0
1786017600000,8.1516739850343,8.265257455982226,8.096628204978757,8.219234586863331,0.0
1786032000000,8.220435503854096,8.334968972778377,8.18489074639979,8.189254587002413,0.0
1786046400000,8.189250113102457,8.23165153040071,8.155550863830944,8.187225952541267,0.0
1786060800000,8.186569726170207,8.24133963778465,8.127341631605567,8.12734396267577,0.0
1786075200000,8.127409571927526,8.205099614336044,8.098472903929855,8.180661236696952,0.0
1786089600000,8.179750573656875,8.240074327597924,8.179750573656875,8.212844837117427,0.0
1786104000000,8.212614916700641,8.305212589485777,8.211033970875334,8.27682822099067,0.0
1786118400000,8.277242308555158,8.310588665701964,8.157874819148452,8.210423504877127,0.0
1786132800000,8.210487921639029,8.215980665958899,8.150211486499682,8.18187826885466,0.0
1786147200000,8.18187826885466,8.269029834003865,8.160227287255497,8.25724133573441,378.802
1786161600000,8.25737182694959,8.307167731198184,8.235455229730777,8.258730317487611,0.0
1786176000000,8.258503555485843,8.354886716113706,8.250244601578009,8.32522365175478,0.0
1786190400000,8.325504416479719,8.390622219218265,8.298990379783678,8.336871832538131,0.0
1786204800000,8.336612502400989,8.360800289753033,8.316970233892828,8.32508487550859,0.0
1786219200000,8.32508487550859,8.342687538896566,8.287402801014858,8.299542391197825,0.0
1786233600000,8.29965328052919,8.330315694905874,8.259435473661183,8.276613966906844,0.0
1786248000000,8.276185540447885,8.34677643829575,8.25545688440392,8.334547423572218,0.0
1786262400000,8.33441288242025,8.353225248193581,8.28527580775013,8.291577605572229,0.0
1786276800000,8.291577605572229,8.361863407429942,8.272552473189041,8.35244217872656,0.0
1786291200000,8.352496140184678,8.353753533216636,8.303289886891541,8.313672276973485,0.0
1786305600000,8.313672186283497,8.38440393601087,8.168127010389016,8.177739267944302,0.0
1786320000000,8.177265763206819,8.254430477347043,8.16116905196952,8.178967553878081,0.0
1786334400000,8.178979407558522,8.240045075167151,8.17184263238122,8.217716465133467,0.0
1786348800000,8.217282640446593,8.317631701554236,8.194375596455016,8.303469699809364,0.0
1786363200000,8.303637972800376,8.362662429411216,8.246053516838874,8.293167783053889,0.0
1786377600000,8.289678893088864,8.306883602300475,8.201161323927975,8.266095028378095,0.0
1786392000000,8.266316880480842,8.314307977196206,8.249709107478239,8.294346154238678,0.0
1786406400000,8.294093023301487,8.454972020483057,8.28263038087902,8.382207803513696,0.0
1786420800000,8.382422429030182,8.470880335076203,8.359391970171798,8.470880335076203,0.0
1786435200000,8.473456343097084,8.705936395073882,8.436512102918709,8.67487136777709,0.0
1786449600000,8.676635761253433,8.695518472274447,8.494306733257742,8.555981084839905,0.0
1786464000000,8.55344669887802,8.608354110184056,8.532117467742593,8.607633285940095,0.0
1786478400000,8.607439497697829,8.8026496915481,8.60734240127166,8.777989677883847,0.0
1786492800000,8.776393436063389,8.814198726172958,8.707003134332728,8.715145935991654,0.0
1786507200000,8.714865795442972,8.759066055480728,8.673768800515655,8.74732915547928,0.0
1786521600000,8.744790902796565,8.875682149144392,8.72868235168824,8.869664313741433,0.0
1786536000000,8.869944129682375,8.88633043437116,8.686616160272159,8.769995638387991,659.704
1786550400000,8.769387333224216,8.785260457002876,8.708964104315529,8.736059402240416,0.0
1786564800000,8.736415680537089,8.77151048342909,8.623518344464163,8.665950272894369,0.0
1786579200000,8.665192792918992,8.725842756067081,8.611035260979207,8.718230746785656,0.0
1786593600000,8.718230746785656,8.806670717053182,8.717228294876744,8.746756366396154,158.542
1786608000000,8.746744539611978,8.760137478334235,8.66758378314494,8.679363525454608,0.0
1786622400000,8.680310975504975,8.854524309546129,8.67082514545581,8.738023892652913,0.0
1786636800000,8.737593313695665,8.824781346430129,8.675412020088086,8.81751624114119,0.0
1786651200000,8.818360977680255,8.896230646863966,8.809498673709314,8.879844143363357,0.0
1786665600000,8.87991973780815,8.881212630787095,8.807944154884312,8.809852160430358,0.0
1786680000000,8.809364144473905,8.830620306180423,8.740641320684725,8.761782822538931,0.0
1786694400000,8.761866873878084,8.873008842838955,8.71815369827051,8.823590144773384,328.532
1786708800000,8.824552659851225,8.875915326633411,8.753432442204561,8.846256021578654,0.0
1786723200000,8.846937073138946,9.00190334928664,8.820281828691737,8.979578667849069,0.0
1786737600000,8.979578667849069,9.006059916376604,8.917972444295424,8.967043876535701,0.0
1786752000000,8.967402605105846,9.733380029990611,8.960879928718784,9.577498316261268,156.547
1786766400000,9.578653446283386,9.596043739669891,9.311326587219636,9.328833204671076,0.0
1786780800000,9.329275472568138,9.37242140819686,9.21494824809545,9.299245367153961,0.0
1786795200000,9.296910308580674,9.519581459367206,9.296496900791634,9.507544601035875,0.0
1786809600000,9.506624876500064,9.619831056823386,9.482208127705004,9.580366713255803,0.0
1786824000000,9.578845130242337,9.588217614172201,9.454850414511565,9.459323009361677,0.0
1786838400000,9.459220671610096,9.501124627736791,9.386740517591125,9.387594303784875,0.0
1786852800000,9.387650969388028,9.40214232212428,9.315703200492827,9.365958564926421,0.0
1786867200000,9.366061494102935,9.447889334655631,9.361260839310615,9.404587468227316,0.0
1786881600000,9.404359709996443,9.409707190284493,9.287050645885214,9.382662579736879,0.0
1786896000000,9.382938932680824,9.469957532803356,9.358861233528838,9.456637082014737,0.0
1786910400000,9.456823434502642,9.481418276180602,9.339847456985162,9.379705747865748,0.0
1786924800000,9.37908835062153,9.553254697964631,9.350243526175406,9.485660273183067,0.0
1786939200000,9.486105841348076,9.496570227997678,9.398387923086593,9.398387923086593,50.0
1786953600000,9.398603580728745,9.544742883615513,9.361116511940436,9.506104601025903,0.0
1786968000000,9.50636180833122,9.564896462541347,9.431328575141809,9.514558947635498,0.0
1786982400000,9.513829604367666,9.564494259772399,9.455328628339009,9.489840108176384,302.611
1786996800000,9.489050960670568,9.546981449448404,9.463583373146356,9.53473958625486,0.0
1787011200000,9.534699153843642,9.541584036939277,9.324618599862932,9.40968266408224,0.0
1787025600000,9.409678728343614,9.514243982614385,9.381851291556124,9.422332668013375,0.0
1787040000000,9.422651142666195,9.486352069123049,9.373387126827291,9.431559384357179,0.0
1787054400000,9.431256898226973,9.550955103780579,9.390257335008405,9.471646145489128,304.022
1787068800000,9.473699761515409,9.53798419781962,9.443872686091511,9.49594528698217,0.0
1787083200000,9.495706256539092,9.550490784722077,9.458088525494448,9.536192142989018,0.0
1787097600000,9.535841763010652,9.711321816449942,9.47798991943152,9.695685148986541,0.0
1787112000000,9.695215594964834,9.713508658465088,9.559382811570966,9.689276004631566,77.996
1787126400000,9.689489170094209,9.827154139727483,9.65434288953271,9.75676728547371,0.0
1787140800000,9.756625025337765,10.023800205739109,9.648590992414158,9.921181528977483,425.314
1787155200000,9.921038012917373,10.144616653377032,9.846061025838573,10.119033055265815,124.071
1787169600000,10.118980907954562,10.886178167307897,10.096666013323196,10.548507739163012,100.0
1787184000000,10.5484580450374,10.620884001822063,10.360499958712108,10.432489591086137,402.323
1787198400000,10.432322841172251,10.584923678110139,10.404769269476047,10.539893105377331,0.0
1787212800000,10.540651999656188,10.758738052218543,10.530668807286077,10.661428803040215,0.0
1787227200000,10.66141554152704,10.727798389279469,10.512836165626991,10.709083851591915,0.0
1787241600000,10.710265170100437,10.871662547585737,10.610005740059467,10.654224745193908,51.949
1787256000000,10.654405974463808,10.714798396280937,10.499326672580858,10.690996737272114,269.727
1787270400000,10.690683213993017,11.030053235765248,10.681594721191248,10.907188110367558,1325.286
1787284800000,10.908357586832047,11.831582620479082,10.854215510499248,11.545195855728924,125.91
1787299200000,11.543124741424522,11.748229731319284,11.23060003518149,11.280648368745783,1587.141
1787313600000,11.283921247437299,11.621988417987101,11.232864391857571,11.524800399667074,25.975
1787328000000,11.52757619055557,11.68111891624117,11.402026900924547,11.669521738132703,125.832
1787342400000,11.667611750853899,12.39195686383998,11.629623754655793,11.998402757681408,0.0
1787356800000,12.003622744762989,12.452322950893901,11.85992657852163,12.381253590436717,867.882
1787371200000,12.383916416232491,12.599570453571419,10.997515760174233,11.746492869983392,3738.638
1787385600000,11.741557678244424,11.832595935569666,11.36283908890327,11.682949053506857,0.0
1787400000000,11.682544824283505,11.897743043400698,11.483764562940324,11.611083179705641,0.0
1787414400000,11.60863838571994,11.80914687191207,11.522648776090747,11.747210917171483,0.0
1787428800000,11.747573336938828,11.810892756329856,11.46566108594145,11.652450846225598,0.0
1787443200000,11.654407398649301,11.739501565328426,11.422507668260733,11.457436506732758,591.748
1787457600000,11.456352900808973,11.520252773059818,11.041217043583394,11.300868792655281,1177.914
1787472000000,11.301640997056376,11.46652942333741,11.268890292051685,11.409355012870552,100.0
1787486400000,11.409970130534271,11.64695687869141,11.283596477753711,11.467566882718389,304.577
1787500800000,11.46885476556563,11.601050021896333,11.442591832643135,11.490612114800566,0.0
1787515200000,11.490040451182356,11.731383290922158,11.439536651052952,11.544096578859806,431.232
1787529600000,11.543650129640397,11.5522049419427,11.295074537244657,11.350991835571076,0.0
1787544000000,11.356111867403893,11.676442477415142,11.355573600611326,11.516825726493211,0.0
1787558400000,11.516560794378462,11.748384472978541,11.361238074605229,11.71979443938554,0.0
1787572800000,11.72004336237351,11.777229310959978,11.506687954908644,11.577906305100122,0.0
1787587200000,11.5785728338248,11.701087700036249,11.419505352905318,11.563751410626518,431.85
1787601600000,11.566432523086094,11.68072610369811,11.49832921061042,11.624949128762665,0.0
1787616000000,11.624592291391501,11.941854323861048,11.58832514954713,11.746707071129139,500.0
1787630400000,11.747007748037214,11.838511865974404,11.501703803867722,11.587808744538401,403.97
1787644800000,11.589128908997008,11.693997210036937,11.523210976799028,11.552435536752904,0.0
1787659200000,11.552552340434815,11.648600634438363,11.37295858545731,11.576933531112255,0.0
1787673600000,11.574812038231295,11.6037007383094,11.43681958110959,11.457543574289017,250.416
1787688000000,11.457830359282585,11.476932441886934,11.153253914520787,11.288698454519883,0.0
1787702400000,11.291034636371913,11.447610020093817,11.233600219919028,11.392142527815361,100.0
1787716800000,11.391931066213518,11.454391182263503,11.306069614402373,11.330001572733334,842.298
1787731200000,11.329909185645715,11.486984714137927,11.219372075436937,11.388367937300046,0.0
1787745600000,11.388836582724776,11.48537048707048,11.066374626076673,11.233508336624858,51.724
1787760000000,11.235086901607712,11.347704045941697,11.13869156160137,11.302175516791282,0.0
1787774400000,11.301069832702673,11.625475780905635,11.210799298283575,11.621219252095528,0.0
1787788800000,11.616194943819792,11.630611311220985,11.45566067089988,11.523652288432201,0.0
1787803200000,11.523990588861981,11.679524608058847,11.498503067532873,11.671038671329768,0.0
1787817600000,11.672320501451912,11.921024948018418,11.649652961483113,11.745299057708161,1600.0
1787832000000,11.745036298466466,11.971494792393077,11.689156783664867,11.932895530091159,0.0
1787846400000,11.933093725051789,11.959907696502352,11.767173805387863,11.862456615302316,100.0
1787860800000,11.863358248693547,11.981617210534019,11.83982652978061,11.920353050017765,0.0
1787875200000,11.920301735116816,12.053784772984026,11.682823572685525,11.712195589947783,0.0
1787889600000,11.711631262950377,11.852959974637045,11.668796944839082,11.702070123462567,246.576
1787904000000,11.702004456911348,11.801836489693889,11.627366491058691,11.783892694562065,0.0
1787918400000,11.783765914389924,11.880124444864737,11.5633423998653,11.571209906607734,700.0
1787932800000,11.575773337454342,11.583118912530221,11.265875732906455,11.387353617795053,859.228
1787947200000,11.387077747951865,11.44804514447549,11.303464041617437,11.433462016903668,0.0
1787961600000,11.433019713449205,11.473798155589769,11.337014263300674,11.340776625662537,0.0
1787976000000,11.340778574678668,11.398326611374866,11.29498913193373,11.322197748158922,0.0
1787990400000,11.322630654362332,11.353599596732488,11.28391641503803,11.303933720234618,0.0
1788004800000,11.303313906715788,11.491176659592675,11.303305307494593,11.389960520836182,0.0
1788019200000,11.390015384730455,11.472218357666288,11.364779673069151,11.436359208949819,0.0
1788033600000,11.436543574417948,11.484600806392212,11.412162673683856,11.455064384935554,0.0
1788048000000,11.45459650555862,11.46468297251452,11.368164530472745,11.389699165170041,0.0
1788062400000,11.389699165170041,11.449070018188786,11.33792491316134,11.390657759551498,0.0
1788076800000,11.390388926125349,11.417077869769981,11.337549121031973,11.416047209872959,0.0
1788091200000,11.416167886838283,11.620304184705267,11.406287733865112,11.567042751790883,0.0
1788105600000,11.568261300304606,11.778237317380137,11.528134377024568,11.594772292204944,200.0
1788120000000,11.595014077470934,11.618220496324735,10.999382749517586,11.168673458336528,0.0
1788134400000,11.169445342936378,11.245859185122097,11.035075920074307,11.162705586073141,77.939
1788148800000,11.163047367653391,11.322514429121053,11.095658849044337,11.268984113489285,0.0
1788163200000,11.266859587549172,11.360623307234803,11.212543812620309,11.244472496787305,0.0
1788177600000,11.244301917615475,11.398033547845806,11.161859889339297,11.375383597488495,0.0
1788192000000,11.3750570257139,11.498574400721136,11.286093740630825,11.397854842442008,0.0
1788206400000,11.398635136956443,11.438565053750684,11.282505848034772,11.319544224409356,443.498
1788220800000,11.31881395080563,11.489404087695616,11.2953361685918,11.429341597305182,0.0
1788235200000,11.42919260298257,11.518090177275534,11.404904202788051,11.474806679801944,0.0
1788249600000,11.473738622449439,11.493090397322796,11.292932662233397,11.465436660510152,0.0
1788264000000,11.464764162263343,11.517833733125144,11.314343325758863,11.428343970674144,0.0
1788278400000,11.42858321592692,11.447688073329822,11.06121163148987,11.220148889684287,500.0
1788292800000,11.221057017279177,11.264880770409563,11.100702923942459,11.234666127589673,100.0
1788307200000,11.234579869413821,11.289395941922947,11.071496306896515,11.201807642644173,51.742
1788321600000,11.199007208310718,11.302189287750119,11.148842803067286,11.207842925654532,256.11
1788336000000,11.20835864649413,11.23052112362425,10.908528153853462,11.01576392788168,0.0
1788350400000,11.013828274933031,11.21110373788917,10.963992714332948,11.081920502381314,0.0
1788364800000,11.082055824786163,11.178601406875782,11.018688400031646,11.118317079523871,0.0
1788379200000,11.119010200853998,11.170741774772301,11.027454004715175,11.11431147343074,0.0
1788393600000,11.10992865770298,11.224334293280577,11.001643035975903,11.194491590934785,51.745
1788408000000,11.195324641362184,11.28085524915071,11.103217094110581,11.178807236311757,0.0
1788422400000,11.17909356735897,11.32320352936635,11.12116093568221,11.272872817330361,0.0
1788436800000,11.272453506274468,11.860855123608898,11.256936307839569,11.786965981812754,25.823
1788451200000,11.785412461408514,11.873822601095467,11.630771345072917,11.860457895758868,200.0
1788465600000,11.861034647581699,11.960624986639004,11.777971881599106,11.830968946313904,0.0
1788480000000,11.830833569850265,11.94935217511604,11.760621224982966,11.886371986373575,0.0
1788494400000,11.885488063772971,12.002786736865216,11.817432396808623,11.929727379294702,0.0
1788508800000,11.927605893623433,12.15960240719779,11.887400106211338,12.034224176313272,600.0
1788523200000,12.034769311047132,12.065010959830955,11.472436835262842,11.656260148510661,555.559
1788537600000,11.655505996857348,11.735741536028895,11.581851623019002,11.715602659505729,426.774
1788552000000,11.713728326502949,11.723989892095382,11.596192923695813,11.636325122371375,25.976
1788566400000,11.636087260518073,11.713029819384905,11.60728404221159,11.676710118916596,0.0
1788580800000,11.676303933078888,11.778123940891442,11.617149549983306,11.737391326978852,0.0
1788595200000,11.735892963719213,11.872171984343128,11.717793093500113,11.726932885020101,0.0
1788609600000,11.727043709696463,11.964904076125029,11.726884106680766,11.949266727323092,0.0
1788624000000,11.949152756382318,12.23767685937928,11.896897556348604,12.01337963781014,0.0
1788638400000,12.013035695294073,12.106704367960115,11.961343856949108,12.051648823484289,313.124
1788652800000,12.051327566261326,12.456591266204445,12.045968970352988,12.223034175843322,100.0
1788667200000,12.226361470431439,12.331232150900917,12.12068052580838,12.209306303599742,51.954
1788681600000,12.210083186956401,12.318476529609475,12.170388221398156,12.277553573555933,951.756
1788696000000,12.277630419072262,12.40213781457071,12.092177912150825,12.220068614617245,25.988
1788710400000,12.220495225301416,12.426514047945501,12.200700188710117,12.384692916943731,0.0
1788724800000,12.384715762584134,13.346182631301573,12.333741606068521,13.247269346415838,1267.277
1788739200000,13.246041047978375,13.328417262735721,12.95039069989059,13.034159109408089,880.964
1788753600000,13.037071155810859,13.678462193413885,13.020156847065817,13.190375782196352,1152.365
1788768000000,13.18924301981781,13.522137067184316,13.144215160294294,13.176097802433452,216.119
1788782400000,13.17511748310475,13.331906615783865,12.850191461189006,12.86700162184405,639.554
1788796800000,12.865238930870628,12.970004502229893,12.700447483000982,12.82922355307031,0.0
1788811200000,12.82923133668932,12.832748926419825,12.617083794261204,12.744628455556299,0.0
1788825600000,12.742962828548135,12.80783104330744,12.564512990138962,12.661618227506294,100.0
1788840000000,12.661090347251776,12.725612036501957,12.570706977155991,12.679646488810086,0.0
1788854400000,12.679009104568301,12.780824778849379,12.472351167745092,12.49968476979892,0.0
1788868800000,12.499664841690816,12.710853570554345,12.291160078122317,12.688636836050428,502.739
1788883200000,12.685118372062751,12.78253485230014,12.538177922247176,12.568406055749769,0.0
1788897600000,12.568362777467136,12.618155079390151,12.44283733368716,12.516726820366465,399.703
1788912000000,12.516692543234031,12.569831166630397,12.374806803071257,12.394253275703095,0.0
1788926400000,12.394253275703095,12.634425129115387,12.393102436090135,12.493243285176472,0.0
1788940800000,12.492801283559025,12.507401087417309,11.964495968209325,12.110569812349006,822.956
1788955200000,12.111345612439584,12.22986598679859,11.819837668446462,11.994877127206067,0.0
1788969600000,11.996353307285785,12.055159638590638,11.856738990817014,11.864985385152764,0.0
1788984000000,11.86669088492316,11.897556719882775,11.599788621186446,11.799501682807437,103.425
1788998400000,11.799818781021878,11.871633041016764,11.659710879681313,11.805864285856002,0.0
1789012800000,11.805834970881397,11.891170372025375,11.73586163729648,11.780906782868264,0.0
1789027200000,11.780630704761538,11.880556425735342,11.747354202220889,11.81235603748373,0.0
1789041600000,11.811710652408422,11.840907176907677,11.529736029038844,11.635781849653181,0.0
1789056000000,11.638044786582604,11.73336565852344,11.496692262695177,11.613641581102208,0.0
1789070400000,11.613965902577151,11.651072198281858,11.431288669456949,11.450850811967502,0.0
1789084800000,11.45148949482384,11.5359084418537,11.407504952492731,11.493984387846517,108.688
1789099200000,11.494003667781415,11.5981798791777,11.4701047456283,11.479764498858449,100.531
1789113600000,11.479764498858449,11.547740259561671,11.300901809619381,11.391007138680708,1767.374
1789128000000,11.391469337310372,12.18133802753506,11.299155714176504,11.69825671365429,25.837
1789142400000,11.704706342359785,11.810857738400472,11.50794487747229,11.607982190730404,247.661
1789156800000,11.605712896140576,11.64443490123239,11.46488423705363,11.545377998120486,103.497
1789171200000,11.545632330975106,11.570824013447002,11.455052681544865,11.486409471843531,0.0
1789185600000,11.484501377501063,11.578358456169687,11.479727509141881,11.566980563493399,0.0
1789200000000,11.567753858765483,11.579149226114664,11.516810425821042,11.570089616216052,324.96
1789214400000,11.570089616216052,11.622640606623467,11.525318156302179,11.588004343991031,0.0
1789228800000,11.587544719817037,11.604398104687148,11.45766060284375,11.47799193049233,0.0
1789243200000,11.47719301097267,11.53671605623844,11.467435476555739,11.504045076103573,0.0
1789257600000,11.5014851956107,11.530420535389293,11.459427525517619,11.479799498523683,0.0
1789272000000,11.479124294631768,11.560768935834675,11.418080987518556,11.42510024193403,0.0
1789286400000,11.425416804604716,11.445211772735439,11.250950875361168,11.289346095093595,0.0
1789300800000,11.289248675018719,11.346181326985343,11.196675525539591,11.257457781939296,0.0
1789315200000,11.257446001056477,11.500635620887381,11.257299268586056,11.41584978918453,77.624
1789329600000,11.416442477630575,11.480633678256659,11.154913709503818,11.208165127766899,0.0
1789344000000,11.213307772667964,11.437694750552279,11.129163155681535,11.378680584752459,0.0
1789358400000,11.378588814344026,11.464326784627854,11.357054050754819,11.407376324882113,25.878
1789372800000,11.406971773066854,11.478831318692375,11.311912175761675,11.384201639915402,0.0
1789387200000,11.384088671063477,11.48258913682515,11.244835780161877,11.455181135785667,0.0
1789401600000,11.45520049727632,11.758050417370715,11.436537989111175,11.739773554080458,0.0
1789416000000,11.740098276072347,11.955461041257221,11.502603107447806,11.51419752866325,0.0
1789430400000,11.514546602333372,11.625565907016655,11.456053822638834,11.504651964259446,0.0
1789444800000,11.50419961851277,11.511561953758504,11.327403091086456,11.33764932984859,0.0
1789459200000,11.337388498372153,11.423554528476592,11.300048527902245,11.378929792776434,0.0
1789473600000,11.378929792776434,11.494001807734044,11.054669560470861,11.272103789874476,0.0
1789488000000,11.268659635075116,11.394179461977071,10.811230234875,11.088988557074343,77.929
1789502400000,11.093214579315335,11.1184002682126,10.811673859110813,10.882296934142289,315.572
1789516800000,10.882144870693446,10.936688844575691,10.769224037233029,10.817213854272598,0.0
1789531200000,10.817861222808647,10.904810583070036,10.739513707324697,10.747498692391869,0.0
1789545600000,10.747482227622243,10.905309916503823,10.669448336398254,10.869723358992834,0.0
1789560000000,10.871631804795225,10.871631804795225,10.626486332063234,10.674007927727526,268.109
1789574400000,10.674066112186782,10.948325838626879,10.610036009358039,10.923371588115167,0.0
1789588800000,10.92550340347853,11.06786864636899,10.84601521420561,11.047359347145278,0.0
1789603200000,11.04740880278421,11.171828068705555,10.976715733241386,11.127029863584418,0.0
1789617600000,11.125819100309476,11.22857274114101,11.039230645464281,11.172242869821138,167.818
1789632000000,11.173207818648415,11.228932970487168,11.091043704110401,11.169798578319858,167.818
1789646400000,11.169590931628472,11.423980264978285,11.13924213612331,11.371643390085065,0.0
1789660800000,11.3716904246395,11.423348764954046,11.27359723045454,11.309451490260484,0.0
1789675200000,11.309668452892176,11.40325967383582,11.246455538838575,11.375840849906176,0.0
1789689600000,11.376493835414184,11.778196246619066,11.332820927761713,11.758399573086239,370.415
1789704000000,11.75829616594374,11.848640314715905,11.648690008819027,11.817534628284914,25.962
1789718400000,11.81922154539693,11.954368047693556,11.721997928103269,11.82402092636228,0.0
1789732800000,11.82359013209218,12.237950885596408,11.762463861942239,12.157225533007198,0.0
1789747200000,12.157173383803942,12.384429832120052,12.084864992208837,12.374757850218796,0.0
1789761600000,12.373333075969553,12.420693666704505,12.221860300756445,12.22714426118637,0.0
1789776000000,12.227336814947087,12.4880186493858,12.21236348162325,12.394693330889574,0.0
1789790400000,12.396757805826693,12.451465389741799,12.261371317214202,12.305183595050046,0.0
1789804800000,12.30565091841733,12.610231482512512,12.287083899755102,12.521861427172489,459.336
1789819200000,12.521205794176367,12.638469482665677,12.434694711864594,12.56947230898511,0.0
1789833600000,12.568742416791357,12.684891537311703,12.460286655815105,12.494866572385188,0.0
1789848000000,12.491855719823443,12.54302425951548,12.293745221781426,12.415031029767407,156.083
1789862400000,12.415078704129408,12.448828310420874,11.930275223404163,12.076457568806589,0.0
1789876800000,12.076571962794674,12.084710945944533,11.942336255631119,11.97066549153791,0.0
1789891200000,11.97066549153791,12.088697674442969,11.914200444037684,12.068124266394708,59.285
1789905600000,12.067876084922757,12.37983820478865,12.034128533033421,12.374737976614425,55.529
1789920000000,12.375430771315147,12.606239025705877,12.313864361520777,12.542489077823147,0.0
1789934400000,12.534787719623898,12.570536929059774,12.336234966844701,12.5144230271551,0.0
1789948800000,12.512507377812758,12.798199371483802,12.453609017302131,12.680387898571999,0.0
1789963200000,12.677815202445403,12.704491687102779,12.471432635374772,12.5541560238178,0.0
1789977600000,12.554122411928466,13.138145177007797,12.55322267362059,13.043287216274049,446.379
1789992000000,13.044773462467504,13.167394021546166,12.873497089759438,13.019263066426795,290.852
1790006400000,13.02425379350701,13.080090358781,12.750617311502182,13.0309324798359,256.615
1790020800000,13.032511606648361,13.271583554134232,13.021242483353713,13.174784942315789,719.017
1790035200000,13.17411741293404,13.234605196279741,12.864444772919573,12.996630467802728,0.0
1790049600000,12.996955545378283,13.053418487876561,12.804589545906817,12.895529539402316,0.0
1790064000000,12.893679664910628,13.074550965350717,12.813498260231741,12.939547004416232,0.0
1790078400000,12.93941082166331,13.270496814964634,12.753184648157923,13.038556313897844,288.724
1790092800000,13.036496235263234,13.10462435951564,12.891847393987295,13.007209610471117,0.0
1790107200000,13.006247048632867,13.12988250156509,12.839669676478014,13.040242522540758,222.436
1790121600000,13.036568701378146,13.214346480006315,12.92016775218762,13.150100267615324,0.0
1790136000000,13.15205197466816,13.205371713146183,12.904261697296448,12.93214512545738,75.9
1790150400000,12.932503723758341,13.020716099571114,12.680619385363773,12.762329510801417,582.77
1790164800000,12.764473125173648,12.775290207316894,12.14399266228091,12.186058110315708,295.532
1790179200000,12.1835392219414,12.317683276479723,12.061113960763645,12.29680249449012,0.0
1790193600000,12.296206361367819,12.377098502731807,12.202317649974972,12.350515820244722,0.0
1790208000000,12.348668136147474,12.400995031185104,12.176456105121993,12.292173299181513,162.502
1790222400000,12.290864985419836,12.49455888566391,12.257863806354711,12.477974561170893,162.198
1790236800000,12.477286414699606,12.49106801730597,12.092299949994047,12.197857406033824,623.648
1790251200000,12.196510694417043,12.786947358238905,12.1809791668964,12.782504865652427,0.0
1790265600000,12.783347982618865,13.517353264029477,12.68782589362841,13.254338031466231,329.722
1790280000000,13.2508624884604,13.300830160700238,13.100581309597782,13.215984410460958,334.292
1790294400000,13.215915392854601,13.490320073528185,13.213073757227647,13.409103483498223,626.405
1790308800000,13.407360099031468,13.552117647270803,13.294441525382437,13.496994093779266,247.142
1790323200000,13.495654383546029,14.15980562058612,13.481968135224552,14.08133474509927,0.0
1790337600000,14.080028004493283,14.212225008403276,13.693133848547046,13.832929505243552,0.0
1790352000000,13.835112748478052,13.93016492019914,13.670297934704081,13.876996516300963,0.0
1790366400000,13.877428259718453,13.947701466158207,13.700324073013316,13.925469097390948,317.926
1790380800000,13.92506177815364,14.118511469096056,13.868533217757092,14.0275771186689,628.892
1790395200000,14.026448617985077,14.189790586344333,13.957966431054098,14.079487001150381,595.995
1790409600000,14.079109918174124,14.35015120134344,13.93450444736723,14.272690406185555,25.971
1790424000000,14.273323942622374,14.482240421046455,14.158968105367183,14.244705340126519,0.0
1790438400000,14.24539538260036,14.371786324321796,14.120311330274738,14.124773786180471,0.0
1790452800000,14.124887344030753,14.161805726500882,13.885891113469865,14.143508174621843,77.549
1790467200000,14.143859871784342,14.329221560610781,14.030150836950138,14.097639174520044,0.0
1790481600000,14.09768191051746,14.481437637301832,13.99742597231614,14.442035339541407,201.74
1790496000000,14.441262179526447,14.441262179526447,14.245573651189288,14.277392299503095,0.0
1790510400000,14.277862779621682,14.365562323804815,13.966163492261272,14.112751017132595,25.869
1790524800000,14.112076222256405,14.17586978207721,14.052887612486252,14.065071314012492,0.0
1790539200000,14.065078397275972,14.122957028931529,13.905099283562441,14.016353415213088,0.0
1790553600000,14.016422187374076,14.166080138847631,13.88707017401576,13.889902264563364,0.0
1790568000000,13.891760602097229,13.986469048068464,13.644865766829197,13.666475303637434,0.0
1790582400000,13.66635697160182,14.105185135390721,13.534707908858595,14.064572856284741,1030.138
1790596800000,14.060289826498337,14.999381415134295,14.04065451088778,14.429086669185981,563.003
1790611200000,14.426226679956725,15.467193362498724,14.391443270903642,15.114537552504713,640.123
1790625600000,15.11954117872443,15.513511330341233,14.984727878569965,15.437053277540818,0.0
1790640000000,15.438361025943681,15.763737438579362,14.815595637210862,14.85411363192033,100.0
1790654400000,14.85756818621095,15.265023609265011,14.625600083911989,15.196250714366675,100.0
1790668800000,15.191700684235043,15.60612133416249,15.084401573266504,15.343636285672812,25.971
1790683200000,15.343845793526224,15.421757734847597,14.713307473959315,14.791624272725294,25.977
1790697600000,14.793321746294598,14.884112829967306,14.487749180378003,14.63181834196825,197.102
1790712000000,14.63201046107182,14.7641067342525,14.581156231491363,14.601010526442517,0.0
1790726400000,14.601871801876767,14.60800441290822,14.319110333817582,14.364634374474813,0.0
1790740800000,14.365455608876848,14.444549745779646,14.256714840414807,14.295209373950915,0.0
1790755200000,14.294943084782128,14.449849012722893,14.193224683436314,14.426002438621348,25.874
1790769600000,14.427668255305388,14.805013790261766,14.049521607103703,14.240685092217301,0.0
1790784000000,14.235584576978155,14.477373030652757,14.201636230428484,14.236421061689057,0.0
1790798400000,14.236732614707071,14.425862349947726,14.207820998759042,14.360454604967439,5.0
1790812800000,14.36214020975946,14.541777921873637,14.251459447660975,14.494963175118766,10.0
1790827200000,14.49489090044792,14.539466805182725,14.196937048802287,14.216028603914673,0.0
1790841600000,14.219741765607626,14.394048230919738,14.13751963412241,14.382511492578717,0.0
1790856000000,14.381925073351354,14.458129990044547,14.207862920288399,14.290957890064995,0.0
1790870400000,14.29274241371262,14.495579818329261,14.144587999076709,14.44078639362587,230.626
1790884800000,14.441474099144584,14.507720183554127,14.20470857914817,14.377188935632796,76.868
1790899200000,14.377090305693294,14.500051132922854,14.159737084782266,14.441324614894524,258.133
1790913600000,14.442524781961945,14.645547374863613,14.254939793607877,14.368978750679887,339.71
1790928000000,14.368849071153821,14.499896506061717,14.297753063061004,14.397909489080234,76.414
1790942400000,14.396616994041219,14.493918516740777,14.162834094255944,14.233953354473172,806.269
1790956800000,14.234815730813914,14.27175206676403,13.252715499390822,13.585322937345834,518.548
1790971200000,13.585700174776512,13.810570765186764,13.54930193690668,13.792591810357496,281.088
1790985600000,13.792245398747546,13.969002649661029,13.78214735994046,13.942743202611474,0.0
1791000000000,13.942720307128054,14.132625592667871,13.872990561211338,13.96675307806383,0.0
1791014400000,13.967046376979276,14.033806353318832,13.903016230475982,13.9155061381256,0.0
1791028800000,13.915761388637454,13.934091421681027,13.812965125180197,13.826518211662428,0.0
1791043200000,13.826597930365438,13.982012729565668,13.784865618323863,13.976219074436447,0.0
