ts,expiry,tenor_days,forward,atm_iv,iv_c25,iv_p25,rr25,bf25,call_oi,put_oi,n_options
1790985600,1791014400,0.3333333333333333,2666.2,0.20860112603122033,0.1868801809243868,0.26497283978228603,-0.07809265885789923,0.017325384322116083,1007.3440000000002,397.637,56
1790985600,1791100800,1.3333333333333333,2667.2,0.1705437422954081,0.17510007139214687,0.2518412999685238,-0.07674122857637691,0.042926943384927224,705.0250000000001,926.0770000000001,58
1790985600,1791187200,2.3333333333333335,2667.3,0.20382358202097095,0.20821051154859713,0.25379937311633516,-0.04558886156773803,0.027181360311495206,807.0680000000001,200.31900000000002,56
1790985600,1791273600,3.3333333333333335,2667.5,0.27089060062398046,0.2914607830632514,0.31077835317708985,-0.019317570113838445,0.03022896749619014,138.988,308.347,58
1790985600,1791532800,6.333333333333333,2668.4,0.3358390182097919,0.3766488844953174,0.3864916209614744,-0.009842736466156965,0.045731234518604,11396.492000000002,3117.531,80
1790985600,1792137600,13.333333333333334,2670.3,0.41110596387254456,0.42755463825873696,0.43865240599205135,-0.01109776773331439,0.021997558252849603,13200.726,585.089,52
1790985600,1792742400,20.333333333333332,2672.0,0.43138577442961257,0.44367492543249154,0.45289445155855096,-0.009219526126059419,0.01689891406590871,211.29999999999998,123.399,50
1790985600,1793347200,27.333333333333332,2674.3,0.445801914165633,0.4627193224125093,0.4717104032957502,-0.00899108088324091,0.021412948688496747,12904.996,5621.947000000002,80
1790985600,1795766400,55.333333333333336,2683.3,0.48580251669968055,0.505011358133392,0.5047203200544774,0.0002910380789146183,0.019063322394254123,5538.525,1579.552,80
1790985600,1798185600,83.33333333333333,2692.3,0.49905100946722974,0.5209213856812933,0.5171190233095743,0.003802362371719048,0.01996919502820399,31439.172999999995,4541.767000000001,78
1790985600,1806048000,174.33333333333334,2722.5,0.5237039571665283,0.5452928940027895,0.5398236426978819,0.0054692513049076075,0.018854311183807315,193611.78599999996,1603.412,62
1790985600,1813910400,265.3333333333333,2754.9,0.5355550209219997,0.5587580694143167,0.545795568143952,0.01296250127036469,0.01672179785713468,12355.372,1311.6760000000002,68
1790985600,1821772800,356.3333333333333,2787.6,0.5408759030745066,0.5633159045904591,0.5502643243243244,0.013051580266134732,0.01591421138288507,1161.028,29.0,72
1790986500,1791014400,0.3229166666666667,2669.5,0.1966449720193895,0.2294736917562724,0.26693392178378617,-0.03746023002751375,0.0515588347506398,1007.3440000000002,397.637,56
1790986500,1791100800,1.3229166666666667,2670.9,0.16385566600601278,0.19028828096194025,0.27588824113076854,-0.08559996016882829,0.0692325950403416,709.024,933.2780000000001,58
1790986500,1791187200,2.3229166666666665,2671.3,0.20146323226478619,0.22000531427507217,0.2635134203586498,-0.04350810608357761,0.0402961350520748,807.0680000000001,200.31900000000002,56
1790986500,1791273600,3.3229166666666665,2670.9,0.2677037752153642,0.2987184503390507,0.3071126317233809,-0.00839418138433018,0.03521176581585156,138.988,308.347,58
1790986500,1791532800,6.322916666666667,2672.1,0.3306184376660738,0.3747988264565623,0.3834971785139176,-0.008698352057355307,0.04852956481916615,11396.492000000002,3117.531,80
1790986500,1792137600,13.322916666666666,2674.1,0.41031648870410176,0.42799469061876244,0.43752010265982266,-0.009525412041060222,0.022440907935190824,13200.726,585.089,52
1790986500,1792742400,20.322916666666668,2676.0,0.432299802106549,0.44464790271760535,0.4535729185134675,-0.008925015795862135,0.016810608508987412,211.29999999999998,123.399,50
1790986500,1793347200,27.322916666666668,2677.8,0.44415377915671594,0.46365879939969984,0.46841182929491376,-0.004753029895213923,0.021881535190590884,12904.996,5621.947000000002,80
1790986500,1795766400,55.322916666666664,2687.1,0.48553935136070525,0.5045378071709663,0.504632662116041,-9.485494507466274e-05,0.019045883282798326,5538.525,1579.552,80
1790986500,1798185600,83.32291666666667,2696.0,0.4989976206468886,0.5204276871139204,0.5174852325581395,0.0029424545557809045,0.01995883918914132,31439.172999999995,4541.767000000001,78
1790986500,1806048000,174.32291666666666,2726.3,0.5235360841046173,0.545050858269543,0.5397244099552573,0.005326448314285748,0.018851550007782825,193611.78599999996,1603.412,62
1790986500,1813910400,265.3229166666667,2758.5,0.5352156951586114,0.5592897028985507,0.5447205744822979,0.014569128416252797,0.016789443531812887,12355.372,1311.6760000000002,68
1790986500,1821772800,356.3229166666667,2791.9,0.5411817790537392,0.5638052546191978,0.5510602248062015,0.0127450298129963,0.016250960658960478,1161.028,29.0,72
1790987400,1791014400,0.3125,2672.9,0.18304157044034286,0.2326163000633809,0.28553586673607495,-0.05291956667269404,0.07603451295938507,1007.3440000000002,397.637,56
1790987400,1791100800,1.3125,2673.8,0.16593851486779962,0.18525240667391077,0.2890911806797853,-0.10383877400587452,0.07123327880904842,709.024,933.2780000000001,58
1790987400,1791187200,2.3125,2674.0,0.191873869187204,0.22013895611883347,0.2600492800835787,-0.039910323964745226,0.04822024891400206,807.0680000000001,200.31900000000002,56
1790987400,1791273600,3.3125,2674.5,0.2670721917373324,0.29747928300295234,0.3092780743673123,-0.011798791364359962,0.036306486947799976,138.988,308.347,58
1790987400,1791532800,6.3125,2675.0,0.33254,0.376016176355833,0.3865096701737794,-0.010493493817946398,0.048722923264806206,11396.492000000002,3117.531,80
1790987400,1792137600,13.3125,2676.9,0.41068717875677185,0.42960278344239844,0.4374969305993691,-0.007894147156970677,0.022862678264111924,13200.726,585.089,52
1790987400,1792742400,20.3125,2678.8,0.4319347787709355,0.44259001164596273,0.4546104274388142,-0.012020415792851458,0.01666544077145299,211.29999999999998,123.399,50
1790987400,1793347200,27.3125,2681.0,0.4446307148271315,0.4610305394190871,0.47191848337028824,-0.010887943951201129,0.02184379656755614,12904.996,5621.947000000002,80
1790987400,1795766400,55.3125,2690.0,0.48581895715250295,0.5048901043024772,0.5044872410753636,0.00040286322711358125,0.01886971553641742,5538.525,1579.552,80
1790987400,1798185600,83.3125,2699.1,0.4989796173444234,0.5196144179402943,0.5181461929824561,0.00146822495783816,0.01990068811695178,31439.172999999995,4541.767000000001,78
1790987400,1806048000,174.3125,2728.8,0.5238482716942774,0.5449694452149791,0.5403300841750841,0.00463936103989504,0.018801493000754288,193611.78599999996,1603.412,62
1790987400,1813910400,265.3125,2761.4,0.5352072553708017,0.5593800539762505,0.5445961189044757,0.014783935071774779,0.016780831069561297,12355.372,1311.6760000000002,68
1790987400,1821772800,356.3125,2795.2,0.5410134964593957,0.562884048582996,0.5511708388349514,0.011713209748044573,0.016013947249578053,1161.028,29.0,72
1790988300,1791014400,0.3020833333333333,2673.5,0.19259731039618364,0.2406524911595802,0.32977306047326904,-0.08912056931368884,0.09261546542024099,1007.3440000000002,397.637,56
1790988300,1791100800,1.3020833333333333,2674.4,0.17476023121453382,0.19511246859542364,0.29446797872340424,-0.0993555101279806,0.07002999244488012,709.024,933.2780000000001,58
1790988300,1791187200,2.3020833333333335,2674.8,0.1892859196960813,0.23107888143176733,0.2556206475512364,-0.024541766119469094,0.05406384479542056,807.0680000000001,200.31900000000002,56
1790988300,1791273600,3.3020833333333335,2674.8,0.26996984098280047,0.2989659091546334,0.3157736455516014,-0.01680773639696803,0.037399936370316966,138.988,308.347,58
1790988300,1791532800,6.302083333333333,2675.6,0.32983619599493663,0.3717649432485323,0.3865451323442136,-0.014780189095681295,0.04931884180143631,11396.492000000002,3117.531,80
1790988300,1792137600,13.302083333333334,2677.5,0.411334573536306,0.42860524041387704,0.4401183227243794,-0.011513082310502354,0.02302720803282221,13200.726,585.089,52
1790988300,1792742400,20.302083333333332,2679.2,0.43218850244374346,0.44520547423887585,0.4539768908432489,-0.008771416604373028,0.01740268009731888,211.29999999999998,123.399,50
1790988300,1793347200,27.302083333333332,2681.6,0.4430162930564655,0.46104104579965716,0.4712998951828724,-0.010258849383215252,0.023154177434799306,12904.996,5621.947000000002,80
1790988300,1795766400,55.302083333333336,2690.5,0.48558668152158174,0.5040058135998262,0.5054332486709983,-0.0014274350711720452,0.019132849613830494,5538.525,1579.552,80
1790988300,1798185600,83.30208333333333,2699.7,0.4981981565027008,0.5189463362376804,0.5175204467420991,0.0014258894955813117,0.02003523498718901,31439.172999999995,4541.767000000001,78
1790988300,1806048000,174.30208333333334,2729.9,0.5236210474556767,0.5453681034881035,0.5398679988773505,0.005500104610753009,0.018997003727050266,193611.78599999996,1603.412,62
1790988300,1813910400,265.3020833333333,2762.1,0.535134967962634,0.5598382073434125,0.5443847210157032,0.015453486327709265,0.016976496216923875,12355.372,1311.6760000000002,68
1790988300,1821772800,356.3020833333333,2796.1,0.541490660838266,0.5634556918238993,0.5516812091757387,0.011774482648160611,0.016077789661553044,1161.028,29.0,72
1790989200,1791014400,0.2916666666666667,2674.3,0.18742510552891356,0.24122434912447402,0.3142683129484907,-0.0730439638240167,0.09032122550756883,1007.3440000000002,397.637,56
1790989200,1791100800,1.2916666666666667,2674.9,0.21557477261639688,0.21398473067740972,0.321611735052755,-0.10762700437534525,0.05222346024868549,709.024,933.2780000000001,58
1790989200,1791187200,2.2916666666666665,2675.3,0.1919854934197361,0.24208993194706993,0.256908448376434,-0.014818516429364076,0.057513696742015896,807.0680000000001,200.31900000000002,56
1790989200,1791273600,3.2916666666666665,2675.6,0.26737585039939077,0.2999970465310671,0.310319617612978,-0.01032257108191087,0.03778248167263182,138.988,308.347,58
1790989200,1791532800,6.291666666666667,2676.5,0.3288016364816343,0.3633168196902655,0.3933422121573302,-0.03002539246706465,0.049527879442163525,11396.492000000002,3117.531,80
1790989200,1792137600,13.291666666666666,2678.3,0.4079883382649522,0.4269625274559952,0.43618453458718526,-0.009222007131190035,0.023585192756638063,13200.726,585.089,52
1790989200,1792742400,20.291666666666668,2680.1,0.43166714591262234,0.44447425209103286,0.4537415280898876,-0.00926727599885474,0.01744074417783792,211.29999999999998,125.399,50
1790989200,1793347200,27.291666666666668,2682.4,0.4434048338002407,0.4626541435798603,0.47036068927304964,-0.007706545693189348,0.023102582626214285,12904.996,5621.947000000002,80
1790989200,1795766400,55.291666666666664,2691.5,0.48519494934962676,0.5043447784535187,0.5045246667645332,-0.00017988831101456437,0.01923977325939924,5538.525,1579.552,80
1790989200,1798185600,83.29166666666667,2700.7,0.49865422616727323,0.5197609653500641,0.51759072,0.0021702453500641594,0.020021616507758744,31439.172999999995,4541.767000000001,78
1790989200,1806048000,174.29166666666666,2731.0,0.5235728211730668,0.5456900880648899,0.5395703706823926,0.006119717382497392,0.019057408200574444,193611.78599999996,1603.412,62
1790989200,1813910400,265.2916666666667,2763.1499999999996,0.5354318569294751,0.5602468835370237,0.5442472964824121,0.015999587054611575,0.016815233080242686,12355.372,1311.6760000000002,68
1790989200,1821772800,356.2916666666667,2797.2,0.5409284321871484,0.5631683490354419,0.5509082517482518,0.01226009728719013,0.016109868204698508,1161.028,29.0,72
1790990100,1791014400,0.28125,2680.5,0.22289903627129035,0.24731464894102045,0.30049694677368727,-0.053182297832666814,0.051006761586063515,1007.3440000000002,397.637,56
1790990100,1791100800,1.28125,2681.2,0.22334710399365393,0.22820492501918116,0.31121586776859506,-0.0830109427494139,0.04636329240023418,709.024,933.2780000000001,58
1790990100,1791187200,2.28125,2681.6,0.19810217378836995,0.2401189792238338,0.24683187808157778,-0.006712898857743982,0.04537325486433583,807.0680000000001,200.31900000000002,56
1790990100,1791273600,3.28125,2681.9,0.2682052535170694,0.3021777256681795,0.30633983862349046,-0.004162112955310937,0.036053528628765596,138.988,308.347,58
1790990100,1791532800,6.28125,2682.5,0.3292587359505642,0.3677982148203593,0.3868112585638163,-0.019013043743457025,0.0480460007415236,11396.492000000002,3115.761,80
1790990100,1792137600,13.28125,2684.2,0.4070005284881503,0.42899279214986624,0.4330984110763145,-0.0041056189264482845,0.02404507312494003,13200.726,585.089,52
1790990100,1792742400,20.28125,2686.2,0.429192602761822,0.4422904048892284,0.4519218218623482,-0.00963141697311981,0.017913510613966344,211.29999999999998,125.399,50
1790990100,1793347200,27.28125,2688.2,0.44228533938237463,0.4603252134292566,0.47072303908045976,-0.010397825651203174,0.02323878687248354,12904.996,5621.947000000002,80
1790990100,1795766400,55.28125,2697.5,0.48530500998168996,0.5031987878137738,0.5059502544148459,-0.002751466601072061,0.01926951113261982,5538.525,1579.552,80
1790990100,1798185600,83.28125,2706.4,0.4986954117240364,0.5175498232216094,0.5188556903021924,-0.0013058670805830008,0.019507345037864443,31439.172999999995,4541.767000000001,78
1790990100,1806048000,174.28125,2736.8,0.5232161490516567,0.5442707959743824,0.5398733352176371,0.004397460756745297,0.018855916544353146,193611.78599999996,1603.412,62
1790990100,1813910400,265.28125,2768.8,0.5350954606364413,0.5596731025824965,0.5446097855227882,0.015063317059708314,0.017045983416201005,12355.372,1311.6760000000002,68
1790990100,1821772800,356.28125,2803.5,0.5413229124320365,0.5632575470008953,0.5515340515222482,0.011723495478647039,0.016072886829535227,1161.028,29.0,72
1790991000,1791014400,0.2708333333333333,2678.5,0.21711640990454945,0.2523820250447227,0.32008353795744343,-0.06770151291272075,0.06911637159653361,1007.3440000000002,397.637,56
1790991000,1791100800,1.2708333333333333,2679.3,0.18633102006970273,0.19242627532423495,0.27845050941306754,-0.08602423408883259,0.049107372298948515,709.124,933.2780000000001,58
1790991000,1791187200,2.2708333333333335,2679.6,0.19379517405007815,0.23785194826866918,0.24701137632338785,-0.009159428054718671,0.04863648824595038,807.0680000000001,200.31900000000002,56
1790991000,1791273600,3.2708333333333335,2679.8,0.26650932840964187,0.299858675185813,0.3055487035891089,-0.00569002840329591,0.036194360977819084,138.988,308.347,58
1790991000,1791532800,6.270833333333333,2680.4,0.33151609643460006,0.3738566275076812,0.3869496774193549,-0.013093049911673649,0.04888705602891802,11396.492000000002,3121.761,80
1790991000,1792137600,13.270833333333334,2682.2,0.40778094812335425,0.4302638738738739,0.43316812895890855,-0.0029042550850346682,0.023935053293036967,13200.726,585.089,52
1790991000,1792742400,20.270833333333332,2684.1,0.4286872693272036,0.44240484939759034,0.45116547344514324,-0.0087606240475529,0.018097892094163237,211.29999999999998,125.399,50
1790991000,1793347200,27.270833333333332,2686.2,0.4404566892361323,0.4619999101505585,0.4666458567890115,-0.004645946638452969,0.023866194233652716,12904.996,5621.947000000002,80
1790991000,1795766400,55.270833333333336,2695.6,0.4850563812241281,0.5036872788818519,0.5051121611667648,-0.0014248822849128873,0.019343338800180354,5538.525,1579.552,80
1790991000,1798185600,83.27083333333333,2705.2,0.49891347550529613,0.5178863074305162,0.5198039101300749,-0.0019176026995586515,0.019931633274999416,31437.971999999994,4541.767000000001,78
1790991000,1806048000,174.27083333333334,2735.0,0.5237989710583761,0.5448477922077922,0.5404338073908175,0.0044139848169747475,0.018841828740928657,193611.78599999996,1603.412,62
1790991000,1813910400,265.2708333333333,2767.2,0.5353218414158915,0.5598525933831376,0.5445573513513514,0.015295242031786227,0.016883130951353076,12355.372,1311.6760000000002,68
1790991000,1821772800,356.2708333333333,2801.1,0.541336418213992,0.5637370865082922,0.5512783404752629,0.012458746033029322,0.016171295277785602,1161.028,29.0,72
1790991900,1791014400,0.2604166666666667,2679.9,0.2330550883609009,0.2549649100289954,0.3237878359173127,-0.06882292588831729,0.056321284612253136,1007.3440000000002,397.637,56
1790991900,1791100800,1.2604166666666667,2680.3,0.22064692287164883,0.22728220472440944,0.307778896781354,-0.08049669205694457,0.0468836278812329,709.124,933.2780000000001,58
1790991900,1791187200,2.2604166666666665,2680.6,0.19623663482182965,0.23628037775277289,0.24948636005687413,-0.01320598230410125,0.04664673408299386,807.0680000000001,200.31900000000002,56
1790991900,1791273600,3.2604166666666665,2681.1,0.2678468209862243,0.3011974474589224,0.30585830403200337,-0.004660856573080963,0.035681054759238606,138.988,308.347,58
1790991900,1791532800,6.260416666666667,2681.9,0.3314400347324382,0.37848836312323614,0.38102636946760743,-0.002538006344371291,0.04831733156298357,11396.492000000002,3121.761,80
1790991900,1792137600,13.260416666666666,2683.6,0.4073310021534418,0.42885180410089985,0.4332322693428294,-0.004380465241929532,0.023711034568422773,13200.726,585.089,52
1790991900,1792742400,20.260416666666668,2685.5,0.4285232481900266,0.44128784403669724,0.4516752283907238,-0.010387384354026585,0.017958288023683988,211.29999999999998,125.399,50
1790991900,1793347200,27.260416666666668,2687.7,0.44245365845466983,0.461660238267148,0.4692011078585904,-0.007540869591442401,0.022977014608199398,12904.996,5621.947000000002,80
1790991900,1795766400,55.260416666666664,2696.9,0.485455761586366,0.5036519600257898,0.5059078454680535,-0.0022558854422636276,0.01932414116055564,5538.525,1579.552,80
1790991900,1798185600,83.26041666666667,2705.7,0.49873326646542515,0.5180953704490721,0.5194230136175252,-0.0013276431684531298,0.020025925567873415,31437.971999999994,4541.767000000001,78
1790991900,1806048000,174.26041666666666,2736.6,0.523962706633987,0.5450051264367816,0.5404462182023742,0.0045589082344074106,0.018762965685590882,193611.78599999996,1603.412,62
1790991900,1813910400,265.2604166666667,2768.4,0.5353705713537147,0.560054623655914,0.5444266890305267,0.015627934625387252,0.016870084989505596,12355.372,1311.6760000000002,68
1790991900,1821772800,356.2604166666667,2802.3,0.5409127464019509,0.5635681378692927,0.5508307284768211,0.012737409392471588,0.016286686771106118,1161.028,29.0,72
1790992800,1791014400,0.25,2678.9,0.22845358514043543,0.25178859899205025,0.3344144877790882,-0.08262588878703797,0.06464795824513384,1007.3440000000002,397.637,56
1790992800,1791100800,1.25,2679.6,0.22125237838928757,0.21517746650964228,0.3172424488898659,-0.10206498238022363,0.04495757931046651,709.124,933.2780000000001,58
1790992800,1791187200,2.25,2680.0,0.1924631910983759,0.23394498113207549,0.24763825350276963,-0.013693272370694148,0.04832842621904665,807.0680000000001,200.31900000000002,56
1790992800,1791273600,3.25,2680.1,0.2669820255657356,0.30064256705973824,0.3049448463210183,-0.004302279261280073,0.035811681124642725,138.988,308.347,58
1790992800,1791532800,6.25,2680.7,0.3288385103609162,0.3782947367194781,0.3790414056174089,-0.0007466688979307912,0.04982956080752726,11396.492000000002,3121.761,80
1790992800,1792137600,13.25,2682.5,0.4064483378724181,0.42940716621662167,0.4312305054444986,-0.001823339227876919,0.023870497958142056,13500.725,585.089,52
1790992800,1792742400,20.25,2684.3,0.42866877960744015,0.4418365456989247,0.45129556021674533,-0.009459014517820608,0.01789727335039487,211.29999999999998,125.399,50
1790992800,1793347200,27.25,2686.4,0.44230897982136164,0.46192291797725626,0.46868704504504505,-0.006764127067788783,0.022996001689788992,12904.996,5621.947000000002,80
1790992800,1795766400,55.25,2695.7,0.48498038528894055,0.5031885311221193,0.5055035910780669,-0.002315059955947607,0.019365675811152505,5538.525,1579.552,80
1790992800,1798185600,83.25,2704.6,0.49870023169271316,0.51907611481219,0.5184165171192444,0.000659597692945546,0.020046084273004028,31437.971999999994,4541.767000000001,78
1790992800,1806048000,174.25,2735.2,0.5237415084804458,0.5448891026231018,0.5401187358916478,0.004770366731453923,0.018762410776929084,193611.78599999996,1603.412,62
1790992800,1813910400,265.25,2767.3,0.5352381427346432,0.5596554662840746,0.5446021153201475,0.015053350963927126,0.016890648067467873,12355.372,1311.6760000000002,68
1790992800,1821772800,356.25,2801.2,0.5411463368751557,0.5632645596781404,0.5509460046728972,0.012318555005243148,0.015958945300363125,1161.028,29.0,72
1790993700,1791014400,0.23958333333333334,2677.6499999999996,0.21181285119257048,0.2647886756178071,0.31920784941536445,-0.05441917379755734,0.0801854113240153,1007.3440000000002,397.637,56
1790993700,1791100800,1.2395833333333333,2678.2,0.18670579805108664,0.19969622608983922,0.27304531385708647,-0.07334908776724725,0.049664971922376205,709.124,933.2780000000001,58
1790993700,1791187200,2.2395833333333335,2678.6,0.19177559789918575,0.23184171356572866,0.24658598393993117,-0.014744270374202506,0.04743825085364417,807.0680000000001,200.31900000000002,56
1790993700,1791273600,3.2395833333333335,2678.8,0.2639215125501409,0.2984597438633938,0.30255603084988403,-0.004096286986490227,0.03658637480649801,138.988,308.347,58
1790993700,1791532800,6.239583333333333,2679.5,0.3316770240953066,0.38080446280991737,0.38076978233830844,3.468047160892773e-05,0.04911009847880632,11396.492000000002,3121.761,80
1790993700,1792137600,13.239583333333334,2681.3,0.4066661943393117,0.4278270676691729,0.43271836293186955,-0.00489129526269666,0.02360652096120952,13500.725,585.089,52
1790993700,1792742400,20.239583333333332,2683.0,0.4288263627239814,0.4424893197147813,0.4506508339124392,-0.008161514197657926,0.01774371408962888,211.29999999999998,125.399,50
1790993700,1793347200,27.239583333333332,2685.1,0.442284074664315,0.46287776857490864,0.4675789932885906,-0.004701224713681951,0.0229443062674346,12904.996,5621.947000000002,80
1790993700,1795766400,55.239583333333336,2694.4,0.484816625455484,0.5024578895123004,0.5058430441242014,-0.003385154611901031,0.019333841362766946,5538.525,1579.552,80
1790993700,1798185600,83.23958333333333,2703.3,0.49909615547608827,0.5193701617480136,0.5183760651235778,0.0009940966244358362,0.01977695795970752,31437.971999999994,4541.767000000001,78
1790993700,1806048000,174.23958333333334,2733.9,0.5240286659037441,0.5450755054110062,0.5405684578517057,0.004507047559300537,0.018793315727611892,193611.78599999996,1603.412,62
1790993700,1813910400,265.2395833333333,2765.9,0.5353538008554304,0.559801262553802,0.5444852409638554,0.015316021589946605,0.01678945090339834,12355.372,1311.6760000000002,68
1790993700,1821772800,356.2395833333333,2800.0,0.54114,0.5637864279319607,0.5506554842473745,0.013130943684586116,0.016080956089667642,1161.028,29.0,72
1790994600,1791014400,0.22916666666666666,2678.2,0.210713051549179,0.26120613008442056,0.3016961996330275,-0.040490069548606955,0.07073811330954502,1012.0430000000002,397.637,56
1790994600,1791100800,1.2291666666666667,2678.9,0.19080718499954152,0.1936400106290463,0.2795166555952989,-0.08587664496625264,0.04577114811263108,709.124,933.2780000000001,58
1790994600,1791187200,2.2291666666666665,2679.2,0.19283518878164185,0.23092975740131577,0.24470614869109947,-0.013776391289783696,0.04498276426456577,807.0680000000001,200.31900000000002,56
1790994600,1791273600,3.2291666666666665,2679.4,0.265352778901929,0.29949953036862126,0.3037228185170012,-0.004223288148379967,0.03625839554088228,138.988,308.347,58
1790994600,1791532800,6.229166666666667,2680.2,0.33087997536022806,0.3802214114056838,0.3808232864674868,-0.0006018750618030366,0.04964237357635726,11396.492000000002,3121.761,80
1790994600,1792137600,13.229166666666666,2681.8,0.40747914165880894,0.4299121287128713,0.4323626544807506,-0.002450525767879297,0.02365824993800203,13500.725,585.089,52
1790994600,1792742400,20.229166666666668,2683.7,0.4290877636720759,0.4419594773251345,0.45170308469850123,-0.009743607373366714,0.017743517339742,211.29999999999998,125.399,50
1790994600,1793347200,27.229166666666668,2686.0,0.44293511717926903,0.46145876599855107,0.4692814045321966,-0.00782263853364551,0.02243496808610479,12904.996,5621.947000000002,80
1790994600,1795766400,55.229166666666664,2694.8,0.4856479767134884,0.5043185560112239,0.5055896410560664,-0.0012710850448425237,0.01930612182015673,5538.525,1579.552,80
1790994600,1798185600,83.22916666666667,2704.0,0.4994945674156949,0.5195661979018996,0.5188692475442043,0.0006969503576953473,0.019723155307356965,31437.971999999994,4541.767000000001,78
1790994600,1806048000,174.22916666666666,2734.7,0.523834512193616,0.5448472425708362,0.5405909147374365,0.004256327833399687,0.01888456646052028,193611.78599999996,1603.412,62
1790994600,1813910400,265.2291666666667,2766.6,0.535372795447145,0.5597788342898135,0.5446391353887399,0.015139698901073584,0.016836189392131606,12355.372,1311.6760000000002,68
1790994600,1821772800,356.2291666666667,2800.5,0.5412886261565072,0.5636592531305903,0.550936446087972,0.0127228070426183,0.01600922345277389,1161.028,29.0,72
1790995500,1791014400,0.21875,2679.9,0.23746350758077833,0.25415475447308267,0.31782184137617336,-0.0636670869030907,0.048524790343849655,1012.0430000000002,397.637,56
1790995500,1791100800,1.21875,2680.7,0.19257738931097806,0.1860132956928537,0.2857292982846959,-0.09971600259184221,0.04329390767779673,709.124,933.2780000000001,58
1790995500,1791187200,2.21875,2681.1,0.19468990285001625,0.2296251547039422,0.24862470168113396,-0.01899954697719175,0.04443502534252183,807.0680000000001,200.31900000000002,56
1790995500,1791273600,3.21875,2681.3,0.26888966248875434,0.29947486302234566,0.3097569724673116,-0.010282109444965937,0.03572625525607431,138.988,308.347,58
1790995500,1791532800,6.21875,2682.0,0.3284820844720041,0.3763222224781207,0.3815514660493827,-0.005229243571262032,0.05045475979174763,11396.492000000002,3120.761,80
1790995500,1792137600,13.21875,2683.7,0.4067339612179003,0.4275664984414428,0.43344397015414887,-0.005877471712706084,0.023771273079895572,13500.725,585.089,52
1790995500,1792742400,20.21875,2685.6,0.4286337779773379,0.4418476070336392,0.45175051511954994,-0.009902908085910767,0.018165283099256635,211.29999999999998,125.399,50
1790995500,1793347200,27.21875,2687.6,0.4425939410687085,0.460054607819621,0.47000094011299437,-0.009946332293373383,0.022433832897599204,12904.996,5621.947000000002,80
1790995500,1795766400,55.21875,2696.9,0.48439006374622173,0.5022306529209623,0.5054337375242067,-0.003203084603244477,0.019442131476362756,5538.525,1579.552,80
1790995500,1798185600,83.21875,2705.7,0.49934788928228657,0.5182914737883284,0.5201083109442908,-0.0018168371559623697,0.019852003084023018,31437.971999999994,4541.767000000001,78
1790995500,1806048000,174.21875,2736.3,0.5237417649982213,0.5438003124999999,0.5412156115515289,0.002584700948471075,0.01876619702754312,193641.78599999996,1603.412,62
1790995500,1813910400,265.21875,2768.4,0.5356186592139787,0.5597640057327122,0.5452187374076561,0.014545268325056093,0.016872712356205577,12355.372,1311.6760000000002,68
1790995500,1821772800,356.21875,2802.3,0.5412927464019509,0.5637488814317674,0.5511642556508184,0.012584625780948988,0.016163822139341977,1161.028,29.0,72
1790996400,1791014400,0.20833333333333334,2677.6,0.1906906342189139,0.26788065653194376,0.2857506281774497,-0.01786997164550591,0.08612500813578278,1012.0430000000002,397.637,56
1790996400,1791100800,1.2083333333333333,2678.3,0.1847541891522485,0.2047669731813499,0.2645799431434904,-0.05981296996214053,0.04991926901017166,709.124,933.2780000000001,58
1790996400,1791187200,2.2083333333333335,2678.7,0.18984167766508153,0.2405980731581659,0.23717764791818846,0.0034204252399774315,0.049046182873095645,807.0680000000001,200.31900000000002,56
1790996400,1791273600,3.2083333333333335,2678.9,0.26383737526140294,0.3018593050915408,0.2998939263433286,0.0019653787482121765,0.0370392404560318,138.988,308.347,58
1790996400,1791532800,6.208333333333333,2679.5,0.3322156564295495,0.38411699808795413,0.3781633603390253,0.0059536377489288195,0.04892452278394027,11396.492000000002,3120.761,80
1790996400,1792137600,13.208333333333334,2681.3,0.4074107962262078,0.4300812821670429,0.4318795340272218,-0.001798251860178901,0.023569611870924545,13500.725,585.089,52
1790996400,1792742400,20.208333333333332,2683.0,0.429215539473832,0.4431984474445516,0.45045429314830876,-0.007255845703757147,0.017610830822598178,211.29999999999998,125.399,50
1790996400,1793347200,27.208333333333332,2685.4,0.44240510927968635,0.4628693663510561,0.4673217405839091,-0.004452374232852996,0.0226904441877962,12904.996,5621.947000000002,80
1790996400,1795766400,55.208333333333336,2694.6,0.4850735302658896,0.5031668890328153,0.5056734925816024,-0.0025066035487871785,0.01934666054131917,5538.525,1579.552,80
1790996400,1798185600,83.20833333333333,2703.3,0.4989647195361778,0.5193111433447098,0.5188306135822081,0.00048052976250179125,0.02010615892728118,31437.971999999994,4541.767000000001,78
1790996400,1806048000,174.20833333333334,2734.5,0.5238202267743864,0.5451089626556017,0.5404036145598194,0.004705348095782269,0.01893606183332419,193641.78599999996,1603.412,62
1790996400,1813910400,265.2083333333333,2766.3,0.5354366362701818,0.5603751687006461,0.5442277704047777,0.01614739829586842,0.01686483328253008,12355.372,1311.6760000000002,68
1790996400,1821772800,356.2083333333333,2800.0,0.541,0.5638754652746255,0.5507620303383897,0.013113434936235846,0.01631874780650755,1161.028,29.0,72
1790997300,1791014400,0.19791666666666666,2676.8,0.1882063285607526,0.2573321000754784,0.3023730800988334,-0.04504098002335499,0.09164626152640332,1012.0430000000002,397.637,56
1790997300,1791100800,1.1979166666666667,2677.2,0.18216790539136773,0.20035640618416362,0.25977794694667034,-0.05942154076250672,0.04789927117404924,709.124,933.2780000000001,58
1790997300,1791187200,2.1979166666666665,2677.5,0.1885576854636569,0.23473080876158384,0.2397664348364462,-0.005035626074862354,0.04869093633535812,807.0680000000001,200.31900000000002,56
1790997300,1791273600,3.1979166666666665,2678.1,0.2637476912227068,0.3004206190862395,0.3013240741848639,-0.0009034550986243839,0.03712465541284493,138.988,308.347,58
1790997300,1791532800,6.197916666666667,2678.9,0.33151762928486284,0.38199597486746517,0.3803968283628264,0.001599146504638771,0.04967877233028295,11396.492000000002,3120.761,80
1790997300,1792137600,13.197916666666666,2680.0,0.4062621019960574,0.42792044316284716,0.43223863352044906,-0.004318190357601892,0.023817436345590748,13500.725,585.089,52
1790997300,1792742400,20.197916666666668,2682.3,0.43010650525126304,0.44463830787081804,0.45044839958520566,-0.005810091714387622,0.017436848476748812,211.29999999999998,125.399,50
1790997300,1793347200,27.197916666666668,2684.6,0.44279595907023545,0.4630454659282447,0.4678827258566978,-0.00483725992845313,0.02266813682223584,12904.996,5621.947000000002,80
1790997300,1795766400,55.197916666666664,2693.9,0.4851046336997223,0.5033362135292847,0.5056137170905846,-0.002277503561299854,0.019370331610212344,5538.525,1579.552,80
1790997300,1798185600,83.19791666666667,2702.6,0.49891416669182215,0.5201165886048836,0.5176530767724246,0.0024635118324590755,0.019970665996832004,31437.971999999994,4541.767000000001,78
1790997300,1806048000,174.19791666666666,2733.2,0.5240045212800462,0.5453318817575339,0.5404084619718309,0.004923419785702987,0.018865650584636295,193641.78599999996,1603.412,62
1790997300,1813910400,265.1979166666667,2765.7,0.5354708377019118,0.5598426874775745,0.5446468090787717,0.015195878398802765,0.01677391057626132,12355.372,1311.6760000000002,68
1790997300,1821772800,356.1979166666667,2799.5,0.5411130445791752,0.5636594357366772,0.5506791912908243,0.012980244445852884,0.016056268934575568,1161.028,29.0,72
