ts,id,fair,yes_buy,yes_sell,no_buy,no_sell,index
1791025200,ETH-20261007-A-2400-2600,0.956,0.969,,0.0735,0.004,2682.88
1791025200,ETH-20261007-A-2450-2650,0.905,0.915,0.8885,0.1115,0.085,2682.88
1791025200,ETH-20261007-A-2500-2700,0.7955,0.8055,0.766,0.234,0.1945,2682.88
1791025200,ETH-20261007-A-2550-2750,0.6255,0.6385,0.597,0.4,0.354,2682.88
1791025200,ETH-20261007-A-2600-2800,0.4295,0.4455,0.4025,0.5835,0.544,2682.88
1791025200,ETH-20261007-A-2625-2825,0.334,0.3595,0.3135,0.682,0.635,2682.88
1791025200,ETH-20261007-A-2650-2850,0.248,0.28,0.2405,0.7595,0.72,2682.88
1791025200,ETH-20261007-A-2700-2900,0.1205,0.1425,0.117,0.883,0.8575,2682.88
1791025200,ETH-20261007-A-2750-2950,0.056,0.07,0.052,0.948,0.93,2682.88
1791025200,ETH-20261007-A-2800-3000,0.028,0.067,,0.981,,2682.88
1791025200,ETH-20261007-A-2850-3050,0.0155,0.227,,0.992,,2682.88
1791025200,ETH-20261007-A-2900-3100,0.0095,0.2465,,0.9965,,2682.88
1791025200,ETH-20261007-A-2950-3150,0.006,0.265,,0.999,,2682.88
1791025200,ETH-20261007-A-3000-3200,0.0035,0.2905,,,,2682.88
1791025200,ETH-20261007-A-3050-3250,0.002,0.5205,,,,2682.88
1791028800,ETH-20261007-A-2400-2600,0.957,0.9685,,0.251,,2684.34
1791028800,ETH-20261007-A-2450-2650,0.9115,0.9165,,0.2525,,2684.34
1791028800,ETH-20261007-A-2500-2700,0.8045,0.8145,0.769,0.231,0.1855,2684.34
1791028800,ETH-20261007-A-2550-2750,0.6325,0.6905,0.581,0.419,0.3095,2684.34
1791028800,ETH-20261007-A-2600-2800,0.4345,0.497,0.384,0.616,0.503,2684.34
1791028800,ETH-20261007-A-2625-2825,0.337,0.399,0.2865,0.7135,0.601,2684.34
1791028800,ETH-20261007-A-2650-2850,0.2485,0.288,0.2305,0.7695,0.712,2684.34
1791028800,ETH-20261007-A-2700-2900,0.12,0.146,0.1165,0.8835,0.854,2684.34
1791028800,ETH-20261007-A-2750-2950,0.058,0.246,,0.9475,,2684.34
1791028800,ETH-20261007-A-2800-3000,0.03,0.267,,0.9805,,2684.34
1791028800,ETH-20261007-A-2850-3050,0.017,0.31,,0.9925,,2684.34
1791028800,ETH-20261007-A-2900-3100,0.0105,0.359,,0.997,,2684.34
1791028800,ETH-20261007-A-2950-3150,0.0065,0.4115,,,,2684.34
1791028800,ETH-20261007-A-3000-3200,0.004,0.465,,,,2684.34
1791028800,ETH-20261007-A-3050-3250,0.0025,0.519,,,,2684.34
1791032400,ETH-20261007-A-2400-2600,0.952,0.9615,0.951,0.049,0.0385,2681.48
1791032400,ETH-20261007-A-2450-2650,0.904,0.908,0.8885,0.1115,0.092,2681.48
1791032400,ETH-20261007-A-2500-2700,0.7915,0.8025,0.7745,0.2255,0.1975,2681.48
1791032400,ETH-20261007-A-2550-2750,0.623,0.681,0.5735,0.4265,0.319,2681.48
1791032400,ETH-20261007-A-2600-2800,0.426,0.4825,0.3695,0.6305,0.5175,2681.48
1791032400,ETH-20261007-A-2625-2825,0.33,0.3865,0.278,0.722,0.6135,2681.48
1791032400,ETH-20261007-A-2650-2850,0.2425,0.2785,0.2205,0.7795,0.7215,2681.48
1791032400,ETH-20261007-A-2700-2900,0.12,0.137,0.1165,0.8835,0.863,2681.48
1791032400,ETH-20261007-A-2750-2950,0.0555,0.0665,0.051,0.949,0.9335,2681.48
1791032400,ETH-20261007-A-2800-3000,0.029,0.0345,0.0235,0.9765,0.9655,2681.48
1791032400,ETH-20261007-A-2850-3050,0.017,0.022,0.0115,0.9885,0.978,2681.48
1791032400,ETH-20261007-A-2900-3100,0.011,0.015,0.0065,0.9935,0.985,2681.48
1791032400,ETH-20261007-A-2950-3150,0.007,0.4145,,0.997,,2681.48
1791032400,ETH-20261007-A-3000-3200,0.005,0.4685,,0.9995,,2681.48
1791032400,ETH-20261007-A-3050-3250,0.003,0.523,,,,2681.48
1791032400,ETH-20261007-A-3100-3300,0.001,0.579,,,,2681.48
1791032400,ETH-20261007-A-3150-3350,0.0005,0.635,,,,2681.48
1791036000,ETH-20261007-A-2400-2600,0.9515,0.966,0.949,0.051,0.034,2680.74
1791036000,ETH-20261007-A-2450-2650,0.901,0.91,0.886,0.114,0.09,2680.74
1791036000,ETH-20261007-A-2500-2700,0.7855,0.802,0.7715,0.2285,0.198,2680.74
1791036000,ETH-20261007-A-2550-2750,0.618,0.6525,0.59,0.41,0.3475,2680.74
1791036000,ETH-20261007-A-2600-2800,0.421,0.4605,0.3925,0.6075,0.5395,2680.74
1791036000,ETH-20261007-A-2625-2825,0.326,0.3625,0.3,0.7,0.6375,2680.74
1791036000,ETH-20261007-A-2650-2850,0.2395,0.2725,0.227,0.773,0.7275,2680.74
1791036000,ETH-20261007-A-2700-2900,0.12,0.139,0.1185,0.8815,0.861,2680.74
1791036000,ETH-20261007-A-2750-2950,0.0545,0.07,0.0505,0.9495,0.93,2680.74
1791036000,ETH-20261007-A-2800-3000,0.0285,0.092,,0.982,,2680.74
1791036000,ETH-20261007-A-2850-3050,0.0165,0.2485,,0.992,,2680.74
1791036000,ETH-20261007-A-2900-3100,0.011,0.013,0.004,0.996,0.987,2680.74
1791036000,ETH-20261007-A-2950-3150,0.007,0.318,,,,2680.74
1791036000,ETH-20261007-A-3000-3200,0.005,0.342,,,,2680.74
1791036000,ETH-20261007-A-3050-3250,0.003,0.525,,,,2680.74
1791036000,ETH-20261007-A-3100-3300,0.001,0.5805,,,,2680.74
1791036000,ETH-20261007-A-3150-3350,0.0005,0.636,,,,2680.74
1791039600,ETH-20261007-A-2400-2600,0.951,0.9625,0.951,0.049,0.0375,2680.01
1791039600,ETH-20261007-A-2450-2650,0.9,0.9065,0.8895,0.1105,0.0935,2680.01
1791039600,ETH-20261007-A-2500-2700,0.781,0.7935,0.774,0.226,0.2065,2680.01
1791039600,ETH-20261007-A-2550-2750,0.6125,0.6275,0.5945,0.4055,0.3725,2680.01
1791039600,ETH-20261007-A-2600-2800,0.418,0.4365,0.4005,0.5965,0.5595,2680.01
1791039600,ETH-20261007-A-2625-2825,0.323,0.3475,0.308,0.689,0.6505,2680.01
1791039600,ETH-20261007-A-2650-2850,0.2365,0.2635,0.224,0.7665,0.7345,2680.01
1791039600,ETH-20261007-A-2700-2900,0.1205,0.137,0.119,0.881,0.863,2680.01
1791039600,ETH-20261007-A-2750-2950,0.056,0.0665,0.053,0.947,0.9335,2680.01
1791039600,ETH-20261007-A-2800-3000,0.028,0.034,0.0245,0.9755,0.966,2680.01
1791039600,ETH-20261007-A-2850-3050,0.0165,0.0175,0.0125,0.9875,0.9825,2680.01
1791039600,ETH-20261007-A-2900-3100,0.011,0.013,0.006,0.994,0.987,2680.01
1791039600,ETH-20261007-A-2950-3150,0.007,0.2685,,0.997,,2680.01
1791039600,ETH-20261007-A-3000-3200,0.005,0.291,,0.999,,2680.01
1791039600,ETH-20261007-A-3050-3250,0.003,0.3195,,,,2680.01
1791039600,ETH-20261007-A-3100-3300,0.001,0.5815,,,,2680.01
1791039600,ETH-20261007-A-3150-3350,0.0005,0.637,,,,2680.01
1791043200,ETH-20261007-A-2400-2600,0.951,0.9675,0.9475,0.0525,0.0325,2681.29
1791043200,ETH-20261007-A-2450-2650,0.902,0.916,0.8835,0.1165,0.084,2681.29
1791043200,ETH-20261007-A-2500-2700,0.789,0.802,0.7715,0.2285,0.198,2681.29
1791043200,ETH-20261007-A-2550-2750,0.621,0.654,0.5925,0.4075,0.346,2681.29
1791043200,ETH-20261007-A-2600-2800,0.4255,0.4615,0.393,0.6045,0.538,2681.29
1791043200,ETH-20261007-A-2625-2825,0.33,0.365,0.302,0.698,0.635,2681.29
1791043200,ETH-20261007-A-2650-2850,0.244,0.278,0.231,0.769,0.722,2681.29
1791043200,ETH-20261007-A-2700-2900,0.121,0.141,0.12,0.88,0.859,2681.29
1791043200,ETH-20261007-A-2750-2950,0.0565,0.074,0.0505,0.9495,0.926,2681.29
1791043200,ETH-20261007-A-2800-3000,0.029,0.037,0.012,0.988,0.963,2681.29
1791043200,ETH-20261007-A-2850-3050,0.016,0.2465,,0.9925,,2681.29
1791043200,ETH-20261007-A-2900-3100,0.011,0.264,,0.997,,2681.29
1791043200,ETH-20261007-A-2950-3150,0.0075,0.2815,,,,2681.29
1791043200,ETH-20261007-A-3000-3200,0.0055,0.3095,,,,2681.29
1791043200,ETH-20261007-A-3050-3250,0.0035,0.5245,,,,2681.29
1791043200,ETH-20261007-A-3100-3300,0.0015,0.58,,,,2681.29
1791043200,ETH-20261007-A-3150-3350,0.0005,0.636,,,,2681.29
1791046800,ETH-20261007-A-2400-2600,0.9515,0.9615,0.9515,0.0485,0.0385,2680.99
1791046800,ETH-20261007-A-2450-2650,0.899,0.9075,0.89,0.11,0.0925,2680.99
1791046800,ETH-20261007-A-2500-2700,0.7895,0.8,0.7745,0.2255,0.2,2680.99
1791046800,ETH-20261007-A-2550-2750,0.622,0.6345,0.5955,0.4045,0.3655,2680.99
1791046800,ETH-20261007-A-2600-2800,0.4285,0.4425,0.404,0.5925,0.553,2680.99
1791046800,ETH-20261007-A-2625-2825,0.334,0.353,0.3115,0.6845,0.6435,2680.99
1791046800,ETH-20261007-A-2650-2850,0.2475,0.271,0.227,0.7605,0.7285,2680.99
1791046800,ETH-20261007-A-2700-2900,0.122,0.1395,0.1205,0.8795,0.8605,2680.99
1791046800,ETH-20261007-A-2750-2950,0.0575,0.0685,0.054,0.946,0.9315,2680.99
1791046800,ETH-20261007-A-2800-3000,0.029,0.0345,0.025,0.975,0.9655,2680.99
1791046800,ETH-20261007-A-2850-3050,0.016,0.0175,0.012,0.988,0.9825,2680.99
1791046800,ETH-20261007-A-2900-3100,0.0105,0.013,0.006,0.994,0.987,2680.99
1791046800,ETH-20261007-A-2950-3150,0.007,0.269,,0.997,,2680.99
1791046800,ETH-20261007-A-3000-3200,0.005,0.2925,,0.9995,,2680.99
1791046800,ETH-20261007-A-3050-3250,0.0035,0.316,,,,2680.99
1791046800,ETH-20261007-A-3100-3300,0.0015,0.5795,,,,2680.99
1791046800,ETH-20261007-A-3150-3350,0.0005,0.635,,,,2680.99
1791050400,ETH-20261007-A-2400-2600,0.954,0.9645,0.954,0.046,0.0355,2687.66
1791050400,ETH-20261007-A-2450-2650,0.9085,0.9155,0.9,0.1,0.0845,2687.66
1791050400,ETH-20261007-A-2500-2700,0.8025,0.8135,0.7945,0.2055,0.1865,2687.66
1791050400,ETH-20261007-A-2550-2750,0.645,0.655,0.62,0.38,0.345,2687.66
1791050400,ETH-20261007-A-2600-2800,0.45,0.468,0.426,0.5705,0.529,2687.66
1791050400,ETH-20261007-A-2625-2825,0.3535,0.374,0.333,0.6625,0.62,2687.66
1791050400,ETH-20261007-A-2650-2850,0.265,0.2875,0.2445,0.742,0.7075,2687.66
1791050400,ETH-20261007-A-2700-2900,0.137,0.153,0.135,0.865,0.847,2687.66
1791050400,ETH-20261007-A-2750-2950,0.0645,0.0755,0.0615,0.9385,0.9245,2687.66
1791050400,ETH-20261007-A-2800-3000,0.0325,0.04,0.028,0.972,0.96,2687.66
1791050400,ETH-20261007-A-2850-3050,0.0185,0.021,0.014,0.986,0.979,2687.66
1791050400,ETH-20261007-A-2900-3100,0.0115,0.014,0.0075,0.9925,0.986,2687.66
1791050400,ETH-20261007-A-2950-3150,0.0075,0.2705,,0.996,,2687.66
1791050400,ETH-20261007-A-3000-3200,0.005,0.2925,,0.9985,,2687.66
1791050400,ETH-20261007-A-3050-3250,0.003,0.3145,,1.0,,2687.66
1791050400,ETH-20261007-A-3100-3300,0.0015,0.5715,,,,2687.66
1791050400,ETH-20261007-A-3150-3350,0.0005,0.6285,,,,2687.66
1791054000,ETH-20261007-A-2400-2600,0.953,0.9635,0.953,0.047,0.0365,2684.14
1791054000,ETH-20261007-A-2450-2650,0.9045,0.9115,0.8945,0.1055,0.0885,2684.14
1791054000,ETH-20261007-A-2500-2700,0.7945,0.804,0.7825,0.2175,0.196,2684.14
1791054000,ETH-20261007-A-2550-2750,0.63,0.6395,0.607,0.393,0.3605,2684.14
1791054000,ETH-20261007-A-2600-2800,0.437,0.45,0.4095,0.5825,0.543,2684.14
1791054000,ETH-20261007-A-2625-2825,0.341,0.3595,0.316,0.677,0.637,2684.14
1791054000,ETH-20261007-A-2650-2850,0.253,0.2775,0.2335,0.7545,0.7215,2684.14
1791054000,ETH-20261007-A-2700-2900,0.1285,0.144,0.1255,0.8745,0.856,2684.14
1791054000,ETH-20261007-A-2750-2950,0.061,0.071,0.059,0.941,0.929,2684.14
1791054000,ETH-20261007-A-2800-3000,0.031,0.0365,0.0275,0.9725,0.9635,2684.14
1791054000,ETH-20261007-A-2850-3050,0.018,0.019,0.0145,0.9855,0.981,2684.14
1791054000,ETH-20261007-A-2900-3100,0.0125,0.0155,0.0085,0.9915,0.9845,2684.14
1791054000,ETH-20261007-A-2950-3150,0.0085,0.273,,0.995,,2684.14
1791054000,ETH-20261007-A-3000-3200,0.006,0.297,,0.998,,2684.14
1791054000,ETH-20261007-A-3050-3250,0.004,0.319,,0.9995,,2684.14
1791054000,ETH-20261007-A-3100-3300,0.0015,0.577,,,,2684.14
1791054000,ETH-20261007-A-3150-3350,0.0005,0.6325,,,,2684.14
1791057600,ETH-20261007-A-2400-2600,0.9515,0.9635,0.951,0.049,0.0365,2685.5
1791057600,ETH-20261007-A-2450-2650,0.906,0.9115,0.8965,0.1035,0.0885,2685.5
1791057600,ETH-20261007-A-2500-2700,0.8025,0.809,0.787,0.213,0.191,2685.5
1791057600,ETH-20261007-A-2550-2750,0.6375,0.6485,0.611,0.389,0.3515,2685.5
1791057600,ETH-20261007-A-2600-2800,0.4445,0.4575,0.416,0.5815,0.537,2685.5
1791057600,ETH-20261007-A-2625-2825,0.3485,0.366,0.3215,0.674,0.6305,2685.5
1791057600,ETH-20261007-A-2650-2850,0.26,0.28,0.237,0.75,0.716,2685.5
1791057600,ETH-20261007-A-2700-2900,0.129,0.147,0.1285,0.8715,0.853,2685.5
1791057600,ETH-20261007-A-2750-2950,0.0615,0.073,0.059,0.941,0.927,2685.5
1791057600,ETH-20261007-A-2800-3000,0.032,0.04,0.0275,0.9725,0.96,2685.5
1791057600,ETH-20261007-A-2850-3050,0.0185,0.0195,0.0145,0.9855,0.9805,2685.5
1791057600,ETH-20261007-A-2900-3100,0.0125,0.0135,0.008,0.992,0.9865,2685.5
1791057600,ETH-20261007-A-2950-3150,0.009,0.272,,0.996,,2685.5
1791057600,ETH-20261007-A-3000-3200,0.006,0.2985,,0.9985,,2685.5
1791057600,ETH-20261007-A-3050-3250,0.004,0.3225,,,,2685.5
1791057600,ETH-20261007-A-3100-3300,0.002,0.5755,,,,2685.5
1791057600,ETH-20261007-A-3150-3350,0.0005,0.631,,,,2685.5
1791061200,ETH-20261007-A-2400-2600,0.954,0.9645,0.954,0.046,0.0355,2687.24
1791061200,ETH-20261007-A-2450-2650,0.91,0.916,0.899,0.101,0.084,2687.24
1791061200,ETH-20261007-A-2500-2700,0.8075,0.8135,0.792,0.208,0.1865,2687.24
1791061200,ETH-20261007-A-2550-2750,0.644,0.6535,0.6145,0.3855,0.3465,2687.24
1791061200,ETH-20261007-A-2600-2800,0.4485,0.4635,0.4225,0.574,0.5305,2687.24
1791061200,ETH-20261007-A-2625-2825,0.3515,0.3725,0.328,0.6665,0.6235,2687.24
1791061200,ETH-20261007-A-2650-2850,0.262,0.2865,0.2375,0.746,0.709,2687.24
1791061200,ETH-20261007-A-2700-2900,0.131,0.1505,0.1295,0.8705,0.8495,2687.24
1791061200,ETH-20261007-A-2750-2950,0.0615,0.073,0.059,0.941,0.927,2687.24
1791061200,ETH-20261007-A-2800-3000,0.033,0.039,0.0275,0.9725,0.961,2687.24
1791061200,ETH-20261007-A-2850-3050,0.0195,0.02,0.0145,0.9855,0.98,2687.24
1791061200,ETH-20261007-A-2900-3100,0.013,0.0145,0.009,0.991,0.9855,2687.24
1791061200,ETH-20261007-A-2950-3150,0.0095,0.2735,,0.9945,,2687.24
1791061200,ETH-20261007-A-3000-3200,0.0065,0.2975,,0.9975,,2687.24
1791061200,ETH-20261007-A-3050-3250,0.0045,0.321,,0.999,,2687.24
1791061200,ETH-20261007-A-3100-3300,0.002,0.5745,,,,2687.24
1791061200,ETH-20261007-A-3150-3350,0.0005,0.63,,,,2687.24
1791064800,ETH-20261007-A-2400-2600,0.954,0.9635,0.954,0.046,0.0365,2686.0
1791064800,ETH-20261007-A-2450-2650,0.909,0.914,0.896,0.104,0.086,2686.0
1791064800,ETH-20261007-A-2500-2700,0.8075,0.8125,0.7855,0.2145,0.1875,2686.0
1791064800,ETH-20261007-A-2550-2750,0.6395,0.652,0.612,0.387,0.343,2686.0
1791064800,ETH-20261007-A-2600-2800,0.443,0.4585,0.419,0.577,0.5345,2686.0
1791064800,ETH-20261007-A-2625-2825,0.3465,0.369,0.3255,0.671,0.628,2686.0
1791064800,ETH-20261007-A-2650-2850,0.259,0.285,0.2365,0.7495,0.7135,2686.0
1791064800,ETH-20261007-A-2700-2900,0.125,0.1435,0.1235,0.8765,0.8565,2686.0
1791064800,ETH-20261007-A-2750-2950,0.0605,0.0695,0.0565,0.9435,0.9305,2686.0
1791064800,ETH-20261007-A-2800-3000,0.033,0.0355,0.026,0.974,0.9645,2686.0
1791064800,ETH-20261007-A-2850-3050,0.018,0.0185,0.014,0.986,0.9815,2686.0
1791064800,ETH-20261007-A-2900-3100,0.013,0.0145,0.0085,0.9915,0.9855,2686.0
1791064800,ETH-20261007-A-2950-3150,0.0095,0.275,,0.9945,,2686.0
1791064800,ETH-20261007-A-3000-3200,0.0065,0.299,,0.9975,,2686.0
1791064800,ETH-20261007-A-3050-3250,0.0045,0.322,,0.9995,,2686.0
1791064800,ETH-20261007-A-3100-3300,0.002,0.5755,,,,2686.0
1791064800,ETH-20261007-A-3150-3350,0.0005,0.6315,,,,2686.0
1791068400,ETH-20261007-A-2400-2600,0.9565,0.9665,0.9565,0.0435,0.0335,2686.32
1791068400,ETH-20261007-A-2450-2650,0.909,0.9175,0.889,0.111,0.0825,2686.32
1791068400,ETH-20261007-A-2500-2700,0.808,0.8135,0.775,0.225,0.1865,2686.32
1791068400,ETH-20261007-A-2550-2750,0.6435,0.6505,0.613,0.386,0.338,2686.32
1791068400,ETH-20261007-A-2600-2800,0.447,0.4585,0.418,0.572,0.5265,2686.32
1791068400,ETH-20261007-A-2625-2825,0.3505,0.375,0.328,0.6675,0.6195,2686.32
1791068400,ETH-20261007-A-2650-2850,0.261,0.291,0.2365,0.745,0.706,2686.32
1791068400,ETH-20261007-A-2700-2900,0.1265,0.1505,0.125,0.875,0.8495,2686.32
1791068400,ETH-20261007-A-2750-2950,0.059,0.0735,0.056,0.944,0.9265,2686.32
1791068400,ETH-20261007-A-2800-3000,0.032,0.036,0.022,0.978,0.964,2686.32
1791068400,ETH-20261007-A-2850-3050,0.018,0.05,,0.991,,2686.32
1791068400,ETH-20261007-A-2900-3100,0.013,0.2475,,0.9945,,2686.32
1791068400,ETH-20261007-A-2950-3150,0.0095,0.269,,0.997,,2686.32
1791068400,ETH-20261007-A-3000-3200,0.0065,0.2935,,0.998,,2686.32
1791068400,ETH-20261007-A-3050-3250,0.0045,0.3165,,,,2686.32
1791068400,ETH-20261007-A-3100-3300,0.002,0.5755,,,,2686.32
1791068400,ETH-20261007-A-3150-3350,0.0005,0.631,,,,2686.32
1791072000,ETH-20261007-A-2400-2600,0.956,0.9645,0.956,0.044,0.0355,2686.52
1791072000,ETH-20261007-A-2450-2650,0.909,0.9135,0.8985,0.1015,0.0865,2686.52
1791072000,ETH-20261007-A-2500-2700,0.805,0.8125,0.79,0.21,0.1875,2686.52
1791072000,ETH-20261007-A-2550-2750,0.642,0.6525,0.613,0.3865,0.34,2686.52
1791072000,ETH-20261007-A-2600-2800,0.4485,0.4615,0.4215,0.572,0.531,2686.52
1791072000,ETH-20261007-A-2625-2825,0.3515,0.3715,0.327,0.6645,0.623,2686.52
1791072000,ETH-20261007-A-2650-2850,0.2615,0.2855,0.242,0.7445,0.7085,2686.52
1791072000,ETH-20261007-A-2700-2900,0.131,0.148,0.1305,0.8695,0.852,2686.52
1791072000,ETH-20261007-A-2750-2950,0.0615,0.0725,0.059,0.941,0.9275,2686.52
1791072000,ETH-20261007-A-2800-3000,0.031,0.0355,0.0265,0.9735,0.9645,2686.52
1791072000,ETH-20261007-A-2850-3050,0.018,0.0185,0.0135,0.9865,0.9815,2686.52
1791072000,ETH-20261007-A-2900-3100,0.0125,0.013,0.008,0.992,0.987,2686.52
1791072000,ETH-20261007-A-2950-3150,0.009,0.269,,0.9955,,2686.52
1791072000,ETH-20261007-A-3000-3200,0.0065,0.2995,,0.9975,,2686.52
1791072000,ETH-20261007-A-3050-3250,0.0045,0.314,,0.9995,,2686.52
1791072000,ETH-20261007-A-3100-3300,0.002,0.575,,,,2686.52
1791072000,ETH-20261007-A-3150-3350,0.0005,0.6315,,,,2686.52
1791075600,ETH-20261007-A-2400-2600,0.959,0.9695,0.959,0.041,0.0305,2692.91
1791075600,ETH-20261007-A-2450-2650,0.9185,0.927,0.911,0.089,0.073,2692.91
1791075600,ETH-20261007-A-2500-2700,0.826,0.8305,0.812,0.188,0.1695,2692.91
1791075600,ETH-20261007-A-2550-2750,0.668,0.676,0.6375,0.3625,0.324,2692.91
1791075600,ETH-20261007-A-2600-2800,0.474,0.487,0.447,0.5505,0.5085,2692.91
1791075600,ETH-20261007-A-2625-2825,0.3755,0.3895,0.3475,0.6445,0.602,2692.91
1791075600,ETH-20261007-A-2650-2850,0.2845,0.3015,0.2575,0.7255,0.6905,2692.91
1791075600,ETH-20261007-A-2700-2900,0.1415,0.1625,0.1415,0.8585,0.8375,2692.91
1791075600,ETH-20261007-A-2750-2950,0.0665,0.0785,0.065,0.935,0.9215,2692.91
1791075600,ETH-20261007-A-2800-3000,0.0345,0.0405,0.0285,0.9715,0.9595,2692.91
1791075600,ETH-20261007-A-2850-3050,0.019,0.019,0.015,0.985,0.981,2692.91
1791075600,ETH-20261007-A-2900-3100,0.0135,0.0135,0.0085,0.9915,0.9865,2692.91
1791075600,ETH-20261007-A-2950-3150,0.01,0.2665,,0.9955,,2692.91
1791075600,ETH-20261007-A-3000-3200,0.0075,0.2915,,0.9975,,2692.91
1791075600,ETH-20261007-A-3050-3250,0.005,0.312,,0.999,,2692.91
1791075600,ETH-20261007-A-3100-3300,0.003,0.5695,,,,2692.91
1791075600,ETH-20261007-A-3150-3350,0.001,0.623,,,,2692.91
1791079200,ETH-20261007-A-2400-2600,0.9605,0.97,0.9605,0.0395,0.03,2694.71
1791079200,ETH-20261007-A-2450-2650,0.921,0.925,0.911,0.089,0.075,2694.71
1791079200,ETH-20261007-A-2500-2700,0.8285,0.833,0.8115,0.1885,0.167,2694.71
1791079200,ETH-20261007-A-2550-2750,0.672,0.68,0.639,0.36,0.3115,2694.71
1791079200,ETH-20261007-A-2600-2800,0.4785,0.4915,0.451,0.5455,0.501,2694.71
1791079200,ETH-20261007-A-2625-2825,0.38,0.397,0.354,0.64,0.5955,2694.71
1791079200,ETH-20261007-A-2650-2850,0.288,0.3085,0.2655,0.721,0.6835,2694.71
1791079200,ETH-20261007-A-2700-2900,0.144,0.1655,0.144,0.856,0.8345,2694.71
1791079200,ETH-20261007-A-2750-2950,0.0675,0.08,0.066,0.934,0.92,2694.71
1791079200,ETH-20261007-A-2800-3000,0.035,0.041,0.0285,0.9715,0.959,2694.71
1791079200,ETH-20261007-A-2850-3050,0.019,0.019,0.0145,0.9855,0.981,2694.71
1791079200,ETH-20261007-A-2900-3100,0.0135,0.0135,0.008,0.992,0.9865,2694.71
1791079200,ETH-20261007-A-2950-3150,0.01,0.2735,,0.9955,,2694.71
1791079200,ETH-20261007-A-3000-3200,0.007,0.2945,,0.998,,2694.71
1791079200,ETH-20261007-A-3050-3250,0.005,0.3195,,0.999,,2694.71
1791079200,ETH-20261007-A-3100-3300,0.003,0.5665,,,,2694.71
1791079200,ETH-20261007-A-3150-3350,0.001,0.6225,,,,2694.71
1791082800,ETH-20261007-A-2400-2600,0.961,0.969,0.961,0.039,0.031,2692.2
1791082800,ETH-20261007-A-2450-2650,0.9185,0.9245,0.9,0.1,0.0755,2692.2
1791082800,ETH-20261007-A-2500-2700,0.8245,0.827,0.808,0.192,0.173,2692.2
1791082800,ETH-20261007-A-2550-2750,0.6635,0.6705,0.632,0.364,0.318,2692.2
1791082800,ETH-20261007-A-2600-2800,0.4675,0.4795,0.44,0.554,0.506,2692.2
1791082800,ETH-20261007-A-2625-2825,0.3685,0.3875,0.347,0.653,0.6125,2692.2
1791082800,ETH-20261007-A-2650-2850,0.276,0.3065,0.2695,0.7305,0.6935,2692.2
1791082800,ETH-20261007-A-2700-2900,0.135,0.162,0.1165,0.8655,0.832,2692.2
1791082800,ETH-20261007-A-2750-2950,0.063,0.077,0.061,0.939,0.923,2692.2
1791082800,ETH-20261007-A-2800-3000,0.033,0.04,0.0215,0.9785,0.96,2692.2
1791082800,ETH-20261007-A-2850-3050,0.019,0.019,0.014,0.986,0.981,2692.2
1791082800,ETH-20261007-A-2900-3100,0.014,0.247,,0.995,,2692.2
1791082800,ETH-20261007-A-2950-3150,0.0095,0.2685,,0.998,,2692.2
1791082800,ETH-20261007-A-3000-3200,0.007,0.2925,,0.999,,2692.2
1791082800,ETH-20261007-A-3050-3250,0.005,0.3165,,0.9995,,2692.2
1791082800,ETH-20261007-A-3100-3300,0.002,0.5695,,,,2692.2
1791082800,ETH-20261007-A-3150-3350,0.001,0.626,,,,2692.2
