bucket_ts,underlying,kind,buy_notional_usd,sell_notional_usd,buy_premium_usd,sell_premium_usd,legs
1791072000,CC,perp,0.0,2.89,0.0,0.0,1
1791072000,SOL,perp,0.0,58.47,0.0,0.0,1
1791072000,BTC,perp,0.0,103544.21,0.0,0.0,16
1791072000,ETH,call,1343.62,0.0,1.2,0.0,1
1791072000,ETH,perp,1507.23,0.0,0.0,0.0,1
1791072000,HYPE,perp,0.0,1791.22,0.0,0.0,1
1791072000,PUMP,perp,288.36,383.92,0.0,0.0,6
1791072900,PUMP,perp,163.23,0.0,0.0,0.0,1
1791072900,BTC,perp,14811.81,6059.58,0.0,0.0,5
1791072900,ETH,call,806.77,0.0,8.1,0.0,1
1791072900,ETH,perp,36709.53,3385.89,0.0,0.0,8
1791072900,HYPE,perp,3011.25,2014.36,0.0,0.0,7
1791072900,PUMP,call,12527.66,12527.66,1836.91,606.23,2
1791072900,PUMP,perp,204.26,118.76,0.0,0.0,3
1791072900,SOL,perp,28887.01,0.0,0.0,0.0,2
1791072900,ZEC,perp,9997.52,0.0,0.0,0.0,1
1791073800,BTC,put,1449.04,0.0,14.42,0.0,1
1791073800,CC,perp,989.16,0.0,0.0,0.0,2
1791073800,ETH,perp,0.0,6382.72,0.0,0.0,2
1791073800,LIT,call,10703.95,10703.95,1123.13,471.97,2
1791073800,SOL,perp,0.0,28888.28,0.0,0.0,2
1791074700,ETH,perp,6380.65,0.0,0.0,0.0,2
1791074700,HYPE,perp,259.09,191.19,0.0,0.0,2
1791075600,BTC,perp,1628.47,0.0,0.0,0.0,1
1791075600,ETH,perp,541.09,1998.41,0.0,0.0,3
1791075600,BTC,perp,0.0,2611.92,0.0,0.0,1
1791075600,ETH,perp,0.0,998.73,0.0,0.0,1
1791075600,HYPE,call,1788.05,0.0,8.0,0.0,1
1791075600,HYPE,perp,2142.32,556.0,0.0,0.0,4
1791076500,BTC,call,32645.63,0.0,16.69,0.0,1
1791076500,ETH,perp,0.0,1998.09,0.0,0.0,1
1791076500,ETH,call,7318.78,18835.4,59.12,437.8,5
1791076500,HYPE,call,11883.95,0.0,82.46,0.0,2
1791077400,BTC,perp,0.0,440.82,0.0,0.0,1
1791077400,BTC,perp,0.0,1560.3,0.0,0.0,2
1791077400,ETH,call,0.0,13459.76,0.0,210.8,2
1791077400,HYPE,perp,1498.23,2169.38,0.0,0.0,3
1791077400,SOL,call,29995.75,29995.75,1577.05,278.07,2
1791077400,SOL,put,0.0,240.0,0.0,10.2,1
1791078300,HYPE,perp,368.17,2305.78,0.0,0.0,2
1791078300,HYPE,put,0.0,8970.17,0.0,264.0,1
1791079200,HYPE,perp,0.0,240.67,0.0,0.0,1
1791079200,BTC,perp,0.0,3191.44,0.0,0.0,2
1791079200,ETH,call,134.76,0.0,1.0,0.0,1
1791079200,ETH,perp,673.75,26523.85,0.0,0.0,2
1791079200,HYPE,perp,1792.94,1790.84,0.0,0.0,2
1791079200,SOL,perp,0.0,999.86,0.0,0.0,1
1791080100,ETH,call,21543.14,21543.14,97.91,337.54,2
1791080100,ETH,perp,0.0,5384.74,0.0,0.0,1
1791080100,HYPE,perp,0.0,5471.28,0.0,0.0,4
1791081000,HYPE,put,0.0,134439.71,0.0,2572.88,1
1791081000,BTC,call,3043314.06,10178.64,3796.4,57.6,9
1791081000,BTC,perp,0.0,1204.82,0.0,0.0,1
1791081000,BTC,put,1102560.93,0.0,674.0,0.0,3
1791081000,ETH,perp,26379.54,0.0,0.0,0.0,3
1791081000,HYPE,perp,0.0,2375.77,0.0,0.0,2
1791081900,BTC,put,371348.05,0.0,333.6,0.0,5
