slot,fetched_at,key,ok,secs,error
1791072000,1791072115,v2_mainnet:AAVE,1,0.75,
1791072000,1791072115,v2_mainnet:ADA,1,1.45,
1791072000,1791072115,v2_mainnet:BTC,1,4.08,
1791072000,1791072115,v2_mainnet:CC,1,0.96,
1791072000,1791072115,v2_mainnet:ETH,1,4.03,
1791072000,1791072115,v2_mainnet:HYPE,1,3.09,
1791072000,1791072115,v2_mainnet:LIT,1,1.41,
1791072000,1791072115,v2_mainnet:PUMP,1,1.91,
1791072000,1791072115,v2_mainnet:SNX,1,0.17,
1791072000,1791072115,v2_mainnet:SOL,1,2.65,
1791072000,1791072115,v2_mainnet:VVV,1,1.43,
1791072000,1791072115,v2_mainnet:XAUT,1,1.55,
1791072000,1791072115,v2_mainnet:XRP,1,1.69,
1791072000,1791072115,v2_mainnet:ZEC,1,2.02,
1791072900,1791072976,v2_mainnet:AAVE,1,0.75,
1791072900,1791072976,v2_mainnet:ADA,1,1.37,
1791072900,1791072976,v2_mainnet:BTC,1,3.88,
1791072900,1791072976,v2_mainnet:CC,1,0.95,
1791072900,1791072976,v2_mainnet:ETH,1,3.62,
1791072900,1791072976,v2_mainnet:HYPE,1,2.62,
1791072900,1791072976,v2_mainnet:LIT,1,1.47,
1791072900,1791072976,v2_mainnet:PUMP,1,1.4,
1791072900,1791072976,v2_mainnet:SNX,1,0.17,
1791072900,1791072976,v2_mainnet:SOL,1,2.22,
1791072900,1791072976,v2_mainnet:VVV,1,1.41,
1791072900,1791072976,v2_mainnet:XAUT,1,1.55,
1791072900,1791072976,v2_mainnet:XRP,1,1.95,
1791072900,1791072976,v2_mainnet:ZEC,1,1.97,
1791073800,1791073891,v2_mainnet:AAVE,1,0.54,
1791073800,1791073891,v2_mainnet:ADA,1,1.05,
1791073800,1791073891,v2_mainnet:BTC,1,3.08,
1791073800,1791073891,v2_mainnet:CC,1,0.69,
1791073800,1791073891,v2_mainnet:ETH,1,3.17,
1791073800,1791073891,v2_mainnet:HYPE,1,2.25,
1791073800,1791073891,v2_mainnet:LIT,1,1.12,
1791073800,1791073891,v2_mainnet:PUMP,1,1.08,
1791073800,1791073891,v2_mainnet:SNX,1,0.12,
1791073800,1791073891,v2_mainnet:SOL,1,1.66,
1791073800,1791073891,v2_mainnet:VVV,1,1.04,
1791073800,1791073891,v2_mainnet:XAUT,1,1.15,
1791073800,1791073891,v2_mainnet:XRP,1,1.26,
1791073800,1791073891,v2_mainnet:ZEC,1,1.51,
