ts,instrument,kind,underlying,direction,amount,price,index_price,notional_usd,premium_usd,wallet,subaccount_id,rfq,realized_pnl
1790429409650,ETH-PERP,perp,ETH,sell,18.997,2684.48,2684.4759111126823,50997.07,0.0,0x3aAa2bB57a0eFeA8F6f89423A923f7107c33471B,58111,0,-203.72672632799754
1790429755222,ETH-20260927-2650-P,option,ETH,sell,45.2,1.9,2682.0924948755533,121230.58,85.88,0xD1277d5fc6f804b796CDCf5926E35117e454bF38,62911,0,0.0
1790429788064,ETH-20260928-2650-P,option,ETH,sell,40.0,6.5,2681.6849213989735,107267.4,260.0,0xD1277d5fc6f804b796CDCf5926E35117e454bF38,62911,0,0.0
1790430985236,ETH-PERP,perp,ETH,buy,9.937,2686.28,2686.2284456179727,26693.56,0.0,0x15efc06FEa57Bda3ceA94A53D5426E78ed4651F3,58000,0,6.583574145360291
1790431283509,ZEC-20261225-1700-C,option,ZEC,buy,10.0,321.3572,1536.761964706705,15367.62,3213.57,0x16FCc4aB28c90b2f7EC836e691B68f5Fc597759C,73800,1,0.0
1790432300490,BTC-20260929-80000-P,option,BTC,buy,40.0,52.8188,83943.37491022472,3357735.0,2112.75,0xBc4713b3B41726541D373e57518012302FfBFAa7,70809,1,0.0
1790436815540,ZEC-PERP,perp,ZEC,sell,18.58,1554.367,1553.9499588849962,28880.14,0.0,0x978e3eb7997a9575cdE1799176829073d2876Fb9,7812,0,0.0
1790437945867,ETH-PERP,perp,ETH,sell,10.297,2691.18,2689.501621148672,27711.08,0.0,0x15efc06FEa57Bda3ceA94A53D5426E78ed4651F3,58000,0,17.81356879196535
1790438130440,SOL-PERP,perp,SOL,sell,236.969,121.907,121.93884102869758,28888.18,0.0,0x978e3eb7997a9575cdE1799176829073d2876Fb9,7812,0,0.0
1790438228668,HYPE-20261009-100-C,option,HYPE,buy,50000.0,1.99,92.47224414330285,4623612.21,99500.0,0x96B97d96AC85373307294E05DFd9D548E3BBa701,61290,1,0.0
1790438458288,HYPE-20261002-97_5-C,option,HYPE,buy,4400.0,0.93,92.50849744365455,407037.39,4092.0,0x87b8df4f8a95b719fda56ca067BE9F4C5687A694,70054,0,0.0
1790439030655,BTC-20261009-94000-C,option,BTC,sell,300.0,104.782302114829,84132.87856284922,25239863.57,31434.69,0x96B97d96AC85373307294E05DFd9D548E3BBa701,61266,1,0.0
1790439030655,BTC-20261009-88000-C,option,BTC,buy,200.0,740.227817328474,84132.87856284922,16826575.71,148045.56,0x96B97d96AC85373307294E05DFd9D548E3BBa701,61266,1,0.0
1790439032208,BTC-PERP,perp,BTC,buy,0.4876,84154.1,84134.56188755672,41033.54,0.0,0x3aAa2bB57a0eFeA8F6f89423A923f7107c33471B,58676,0,0.0
1790439032208,BTC-PERP,perp,BTC,buy,0.606,84154.1,84134.56188755672,50997.38,0.0,0x3aAa2bB57a0eFeA8F6f89423A923f7107c33471B,58676,0,0.0
1790439034625,BTC-PERP,perp,BTC,buy,0.4286,84159.5,84134.56188755672,36070.76,0.0,0x3aAa2bB57a0eFeA8F6f89423A923f7107c33471B,58676,0,0.0
1790439034625,BTC-PERP,perp,BTC,buy,0.6059,84159.5,84134.56188755672,50992.24,0.0,0x3aAa2bB57a0eFeA8F6f89423A923f7107c33471B,58676,0,0.0
1790439036790,BTC-PERP,perp,BTC,buy,0.4878,84167.5,84133.00242651296,41056.91,0.0,0x3aAa2bB57a0eFeA8F6f89423A923f7107c33471B,58676,0,0.0
1790439036790,BTC-PERP,perp,BTC,buy,0.6058,84167.5,84133.00242651296,50988.67,0.0,0x3aAa2bB57a0eFeA8F6f89423A923f7107c33471B,58676,0,0.0
1790439038952,BTC-PERP,perp,BTC,buy,0.4878,84172.9,84133.00242651296,41059.54,0.0,0x3aAa2bB57a0eFeA8F6f89423A923f7107c33471B,58676,0,0.0
1790439038952,BTC-PERP,perp,BTC,buy,0.6058,84172.9,84133.00242651296,50991.94,0.0,0x3aAa2bB57a0eFeA8F6f89423A923f7107c33471B,58676,0,0.0
1790439041344,BTC-PERP,perp,BTC,buy,0.4925,84187.8,84131.17943595738,41462.49,0.0,0x3aAa2bB57a0eFeA8F6f89423A923f7107c33471B,58676,0,0.0
1790439041344,BTC-PERP,perp,BTC,buy,0.6057,84187.8,84131.17943595738,50992.55,0.0,0x3aAa2bB57a0eFeA8F6f89423A923f7107c33471B,58676,0,0.0
1790439043981,BTC-PERP,perp,BTC,buy,0.5116,84198.3,84131.17943595738,43075.85,0.0,0x3aAa2bB57a0eFeA8F6f89423A923f7107c33471B,58676,0,0.0
1790439043981,BTC-PERP,perp,BTC,buy,0.6057,84198.3,84131.17943595738,50998.91,0.0,0x3aAa2bB57a0eFeA8F6f89423A923f7107c33471B,58676,0,0.0
1790439046901,BTC-PERP,perp,BTC,buy,0.6057,84198.3,84130.8885211371,50998.91,0.0,0x3aAa2bB57a0eFeA8F6f89423A923f7107c33471B,58676,0,0.0
1790439049081,BTC-PERP,perp,BTC,buy,0.3275,84214.5,84130.8885211371,27580.25,0.0,0x3aAa2bB57a0eFeA8F6f89423A923f7107c33471B,58676,0,0.0
1790439049081,BTC-PERP,perp,BTC,buy,0.6056,84214.5,84130.8885211371,51000.3,0.0,0x3aAa2bB57a0eFeA8F6f89423A923f7107c33471B,58676,0,0.0
1790439051821,BTC-PERP,perp,BTC,buy,0.4713,84222.5,84131.33382425529,39694.06,0.0,0x3aAa2bB57a0eFeA8F6f89423A923f7107c33471B,58676,0,0.0
1790439051821,BTC-PERP,perp,BTC,buy,0.3668,84220.2,84131.33382425529,30891.97,0.0,0x3aAa2bB57a0eFeA8F6f89423A923f7107c33471B,58676,0,0.0
1790439054053,BTC-PERP,perp,BTC,buy,0.6055,84219.9,84131.33382425529,50995.15,0.0,0x3aAa2bB57a0eFeA8F6f89423A923f7107c33471B,58676,0,0.0
1790439056618,BTC-PERP,perp,BTC,buy,0.5162,84230.7,84129.2800932984,43479.89,0.0,0x3aAa2bB57a0eFeA8F6f89423A923f7107c33471B,58676,0,0.0
1790439056618,BTC-PERP,perp,BTC,buy,0.3668,84228.5,84129.2800932984,30895.01,0.0,0x3aAa2bB57a0eFeA8F6f89423A923f7107c33471B,58676,0,0.0
1790439058872,BTC-PERP,perp,BTC,buy,0.3826,84230.7,84129.2800932984,32226.67,0.0,0x3aAa2bB57a0eFeA8F6f89423A923f7107c33471B,58676,0,0.0
1790439058872,BTC-PERP,perp,BTC,buy,0.6055,84230.7,84129.2800932984,51001.69,0.0,0x3aAa2bB57a0eFeA8F6f89423A923f7107c33471B,58676,0,0.0
1790439059181,BTC-PERP,perp,BTC,sell,0.3429,84224.7,84129.2800932984,28880.65,0.0,0x978e3eb7997a9575cdE1799176829073d2876Fb9,7812,0,0.0
1790439061254,BTC-PERP,perp,BTC,buy,0.6056,84217.7,84129.2800932984,51002.24,0.0,0x3aAa2bB57a0eFeA8F6f89423A923f7107c33471B,58676,0,0.0
1790439063893,BTC-PERP,perp,BTC,buy,0.4535,84217.7,84131.33382425529,38192.73,0.0,0x3aAa2bB57a0eFeA8F6f89423A923f7107c33471B,58676,0,0.0
1790439063893,BTC-PERP,perp,BTC,buy,0.4442,84217.7,84131.33382425529,37409.5,0.0,0x3aAa2bB57a0eFeA8F6f89423A923f7107c33471B,58676,0,0.0
1790439066071,BTC-PERP,perp,BTC,buy,0.3669,84227.0,84131.33382425529,30902.89,0.0,0x3aAa2bB57a0eFeA8F6f89423A923f7107c33471B,58676,0,0.0
1790439066071,BTC-PERP,perp,BTC,buy,0.6055,84217.7,84131.33382425529,50993.82,0.0,0x3aAa2bB57a0eFeA8F6f89423A923f7107c33471B,58676,0,0.0
1790439068442,BTC-PERP,perp,BTC,buy,0.5309,84228.5,84115.66371291179,44716.91,0.0,0x3aAa2bB57a0eFeA8F6f89423A923f7107c33471B,58676,0,0.0
1790439068442,BTC-PERP,perp,BTC,buy,0.3669,84225.2,84115.66371291179,30902.23,0.0,0x3aAa2bB57a0eFeA8F6f89423A923f7107c33471B,58676,0,0.0
1790439070892,BTC-PERP,perp,BTC,buy,0.4021,84228.5,84115.66371291179,33868.28,0.0,0x3aAa2bB57a0eFeA8F6f89423A923f7107c33471B,58676,0,0.0
1790439070892,BTC-PERP,perp,BTC,buy,0.6054,84228.5,84115.66371291179,50991.93,0.0,0x3aAa2bB57a0eFeA8F6f89423A923f7107c33471B,58676,0,0.0
1790439073248,BTC-PERP,perp,BTC,buy,0.6054,84238.9,84110.96443235883,50998.23,0.0,0x3aAa2bB57a0eFeA8F6f89423A923f7107c33471B,58676,0,0.0
1790439073248,BTC-PERP,perp,BTC,buy,0.3669,84233.5,84110.96443235883,30905.27,0.0,0x3aAa2bB57a0eFeA8F6f89423A923f7107c33471B,58676,0,0.0
1790439075376,BTC-PERP,perp,BTC,sell,0.367,84237.9,84110.96443235883,30915.31,0.0,0x15efc06FEa57Bda3ceA94A53D5426E78ed4651F3,58000,0,0.0
1790439075585,BTC-PERP,perp,BTC,sell,0.367,84232.6,84110.96443235883,30913.36,0.0,0x15efc06FEa57Bda3ceA94A53D5426E78ed4651F3,58000,0,0.0
1790439076010,BTC-PERP,perp,BTC,buy,0.4778,84237.8,84110.96443235883,40248.82,0.0,0x3aAa2bB57a0eFeA8F6f89423A923f7107c33471B,58676,0,0.0
1790439076010,BTC-PERP,perp,BTC,buy,0.6055,84237.0,84110.96443235883,51005.5,0.0,0x3aAa2bB57a0eFeA8F6f89423A923f7107c33471B,58676,0,0.0
1790439077192,BTC-PERP,perp,BTC,sell,0.3429,84236.7,84111.55913143244,28884.76,0.0,0x978e3eb7997a9575cdE1799176829073d2876Fb9,7812,0,0.0
1790439078572,BTC-PERP,perp,BTC,buy,0.367,84241.6,84111.55913143244,30916.67,0.0,0x3aAa2bB57a0eFeA8F6f89423A923f7107c33471B,58676,0,0.0
1790439078572,BTC-PERP,perp,BTC,buy,0.367,84238.5,84111.55913143244,30915.53,0.0,0x3aAa2bB57a0eFeA8F6f89423A923f7107c33471B,58676,0,0.0
1790439080887,BTC-PERP,perp,BTC,buy,0.367,84246.8,84111.55913143244,30918.58,0.0,0x3aAa2bB57a0eFeA8F6f89423A923f7107c33471B,58676,0,0.0
1790439080887,BTC-PERP,perp,BTC,buy,0.6054,84246.4,84111.55913143244,51002.77,0.0,0x3aAa2bB57a0eFeA8F6f89423A923f7107c33471B,58676,0,0.0
1790439083064,BTC-PERP,perp,BTC,buy,0.4781,84252.6,84106.3741939145,40281.17,0.0,0x3aAa2bB57a0eFeA8F6f89423A923f7107c33471B,58676,0,0.0
1790439083064,BTC-PERP,perp,BTC,buy,0.6054,84252.6,84106.3741939145,51006.52,0.0,0x3aAa2bB57a0eFeA8F6f89423A923f7107c33471B,58676,0,0.0
1790439085352,BTC-PERP,perp,BTC,buy,0.3495,84257.8,84106.3741939145,29448.1,0.0,0x3aAa2bB57a0eFeA8F6f89423A923f7107c33471B,58676,0,0.0
1790439085352,BTC-PERP,perp,BTC,buy,0.367,84255.2,84106.3741939145,30921.66,0.0,0x3aAa2bB57a0eFeA8F6f89423A923f7107c33471B,58676,0,0.0
1790439085352,BTC-PERP,perp,BTC,buy,0.367,84252.9,84106.3741939145,30920.81,0.0,0x3aAa2bB57a0eFeA8F6f89423A923f7107c33471B,58676,0,0.0
1790439087670,BTC-PERP,perp,BTC,buy,0.6053,84261.7,84107.12967634332,51003.61,0.0,0x3aAa2bB57a0eFeA8F6f89423A923f7107c33471B,58676,0,0.0
1790439087670,BTC-PERP,perp,BTC,buy,0.367,84261.2,84107.12967634332,30923.86,0.0,0x3aAa2bB57a0eFeA8F6f89423A923f7107c33471B,58676,0,0.0
1790439089963,BTC-PERP,perp,BTC,buy,0.6052,84267.9,84107.12967634332,50998.93,0.0,0x3aAa2bB57a0eFeA8F6f89423A923f7107c33471B,58676,0,0.0
1790439089963,BTC-PERP,perp,BTC,buy,0.367,84263.5,84107.12967634332,30924.7,0.0,0x3aAa2bB57a0eFeA8F6f89423A923f7107c33471B,58676,0,0.0
1790439182774,BTC-PERP,perp,BTC,buy,0.4334,84246.0,84115.27830764317,36512.22,0.0,0x3aAa2bB57a0eFeA8F6f89423A923f7107c33471B,58676,0,0.0
1790439182774,BTC-PERP,perp,BTC,buy,0.6054,84246.0,84115.27830764317,51002.53,0.0,0x3aAa2bB57a0eFeA8F6f89423A923f7107c33471B,58676,0,0.0
1790439201786,BTC-20261002-82000-C,option,BTC,sell,50.0,2630.035976831142,84115.86861732599,4205793.43,131501.8,0x96B97d96AC85373307294E05DFd9D548E3BBa701,61266,1,38136.23933424213
1790439293378,BTC-PERP,perp,BTC,sell,0.6054,84234.5,84114.43271734145,50995.57,0.0,0x3aAa2bB57a0eFeA8F6f89423A923f7107c33471B,58676,0,0.4130404047974418
1790439293378,BTC-PERP,perp,BTC,sell,0.4516,84235.4,84114.43271734145,38040.71,0.0,0x3aAa2bB57a0eFeA8F6f89423A923f7107c33471B,58676,0,0.714548765785472
1790439296101,BTC-PERP,perp,BTC,sell,0.5833,84225.8,84114.43271734145,49128.91,0.0,0x3aAa2bB57a0eFeA8F6f89423A923f7107c33471B,58676,0,-4.676747548532627
1790439296101,BTC-PERP,perp,BTC,sell,0.6055,84226.6,84114.43271734145,50999.21,0.0,0x3aAa2bB57a0eFeA8F6f89423A923f7107c33471B,58676,0,-4.370341369169391
1790439298608,BTC-PERP,perp,BTC,sell,0.6055,84215.8,84115.0552277049,50992.67,0.0,0x3aAa2bB57a0eFeA8F6f89423A923f7107c33471B,58676,0,-10.90979790867315
1790439298608,BTC-PERP,perp,BTC,sell,0.546,84216.4,84115.0552277049,45982.15,0.0,0x3aAa2bB57a0eFeA8F6f89423A923f7107c33471B,58676,0,-9.510136842502957
1790439300919,BTC-PERP,perp,BTC,sell,0.4882,84208.0,84115.0552277049,41110.35,0.0,0x3aAa2bB57a0eFeA8F6f89423A923f7107c33471B,58676,0,-12.604266092509054
1790439300919,BTC-PERP,perp,BTC,sell,0.6056,84208.0,84115.0552277049,50996.36,0.0,0x3aAa2bB57a0eFeA8F6f89423A923f7107c33471B,58676,0,-15.635279691977638
1790439303126,BTC-PERP,perp,BTC,sell,0.4882,84205.2,84115.0552277049,41108.98,0.0,0x3aAa2bB57a0eFeA8F6f89423A923f7107c33471B,58676,0,-13.971226092509054
1790439303126,BTC-PERP,perp,BTC,sell,0.6056,84207.1,84115.0552277049,50995.82,0.0,0x3aAa2bB57a0eFeA8F6f89423A923f7107c33471B,58676,0,-16.180319691977637
1790439305434,BTC-PERP,perp,BTC,sell,0.3587,84188.3,84115.27335756588,30198.34,0.0,0x3aAa2bB57a0eFeA8F6f89423A923f7107c33471B,58676,0,-16.327258449674627
1790439305434,BTC-PERP,perp,BTC,sell,0.6057,84205.2,84115.27335756588,51003.09,0.0,0x3aAa2bB57a0eFeA8F6f89423A923f7107c33471B,58676,0,-17.333841293470645
1790439308307,BTC-PERP,perp,BTC,sell,0.5236,84198.9,84115.27335756588,44086.54,0.0,0x3aAa2bB57a0eFeA8F6f89423A923f7107c33471B,58676,0,-18.282994514216988
1790439308307,BTC-PERP,perp,BTC,sell,0.6058,84198.9,84115.27335756588,51007.69,0.0,0x3aAa2bB57a0eFeA8F6f89423A923f7107c33471B,58676,0,-21.15324308004708
1790439310607,BTC-PERP,perp,BTC,sell,0.4881,84196.3,84115.27335756588,41096.21,0.0,0x3aAa2bB57a0eFeA8F6f89423A923f7107c33471B,58676,0,-18.31247027958234
1790439310607,BTC-PERP,perp,BTC,sell,0.6058,84196.3,84115.27335756588,51006.12,0.0,0x3aAa2bB57a0eFeA8F6f89423A923f7107c33471B,58676,0,-22.72832308004708
1790439312834,BTC-PERP,perp,BTC,sell,0.488,84175.6,84115.27335756588,41077.69,0.0,0x3aAa2bB57a0eFeA8F6f89423A923f7107c33471B,58676,0,-28.410318493005903
1790439312834,BTC-PERP,perp,BTC,sell,0.6059,84175.6,84115.27335756588,51002.0,0.0,0x3aAa2bB57a0eFeA8F6f89423A923f7107c33471B,58676,0,-35.27420486662351
1790439315983,BTC-PERP,perp,BTC,sell,0.5356,84170.2,84114.43204912539,45081.56,0.0,0x3aAa2bB57a0eFeA8F6f89423A923f7107c33471B,58676,0,-34.07366131266916
1790439315983,BTC-PERP,perp,BTC,sell,0.6059,84170.2,84114.43204912539,50998.72,0.0,0x3aAa2bB57a0eFeA8F6f89423A923f7107c33471B,58676,0,-38.5459884043059
1790439318461,BTC-PERP,perp,BTC,sell,0.464,84154.0,84114.43204912539,39047.46,0.0,0x3aAa2bB57a0eFeA8F6f89423A923f7107c33471B,58676,0,-37.03543115959389
1790439318461,BTC-PERP,perp,BTC,sell,0.606,84154.0,84114.43204912539,50997.32,0.0,0x3aAa2bB57a0eFeA8F6f89423A923f7107c33471B,58676,0,-48.36955017826271
1790439321190,BTC-PERP,perp,BTC,sell,0.606,84152.6,84116.11456510758,50996.48,0.0,0x3aAa2bB57a0eFeA8F6f89423A923f7107c33471B,58676,0,-49.218103118965495
1790439323699,BTC-PERP,perp,BTC,sell,1.1532,84158.1,84114.43251679942,97051.12,0.0,0x3aAa2bB57a0eFeA8F6f89423A923f7107c33471B,58676,0,-87.31769735081997
1790439326575,BTC-PERP,perp,BTC,sell,0.5472,84152.7,84114.43251679942,46048.36,0.0,0x3aAa2bB57a0eFeA8F6f89423A923f7107c33471B,58676,0,-44.387627130045686
1790439326575,BTC-PERP,perp,BTC,sell,0.6061,84152.7,84114.43251679942,51004.95,0.0,0x3aAa2bB57a0eFeA8F6f89423A923f7107c33471B,58676,0,-49.1654619947381
1790439329355,BTC-PERP,perp,BTC,sell,0.5388,84142.2,84114.43251679942,45335.82,0.0,0x3aAa2bB57a0eFeA8F6f89423A923f7107c33471B,58676,0,-49.36363811708446
1790439329355,BTC-PERP,perp,BTC,sell,0.65,84147.6,84114.43251679942,54695.94,0.0,0x3aAa2bB57a0eFeA8F6f89423A923f7107c33471B,58676,0,-56.0415307648569
1790439332037,BTC-PERP,perp,BTC,sell,0.5488,84136.8,84114.43251679942,46174.28,0.0,0x3aAa2bB57a0eFeA8F6f89423A923f7107c33471B,58676,0,-53.243335513466874
1790439332037,BTC-PERP,perp,BTC,sell,0.38,84142.2,84114.43251679942,31974.04,0.0,0x3aAa2bB57a0eFeA8F6f89423A923f7107c33471B,58676,0,-34.81474106253173
1790439334441,BTC-PERP,perp,BTC,sell,0.6062,84136.8,84114.43251679942,51003.73,0.0,0x3aAa2bB57a0eFeA8F6f89423A923f7107c33471B,58676,0,-58.81215376870193
1790439336936,BTC-PERP,perp,BTC,sell,0.4001,84125.3,84114.43251679942,33658.53,0.0,0x3aAa2bB57a0eFeA8F6f89423A923f7107c33471B,58676,0,-43.41794762926038
1790439336936,BTC-PERP,perp,BTC,sell,0.3668,84130.7,84114.43251679942,30859.14,0.0,0x3aAa2bB57a0eFeA8F6f89423A923f7107c33471B,58676,0,-37.82358689930694
1790439339354,BTC-PERP,perp,BTC,sell,0.3248,84125.3,84113.59304796037,27323.9,0.0,0x3aAa2bB57a0eFeA8F6f89423A923f7107c33471B,58676,0,-35.246520935578964
1790439339354,BTC-PERP,perp,BTC,sell,0.3668,84128.9,84113.59304796037,30858.48,0.0,0x3aAa2bB57a0eFeA8F6f89423A923f7107c33471B,58676,0,-38.48378071173142
1790439341936,BTC-PERP,perp,BTC,sell,0.65,84130.8,84113.59304796037,54685.02,0.0,0x3aAa2bB57a0eFeA8F6f89423A923f7107c33471B,58676,0,-66.9614489166451
1790439344117,BTC-PERP,perp,BTC,sell,0.65,84130.8,84114.49018272552,54685.02,0.0,0x3aAa2bB57a0eFeA8F6f89423A923f7107c33471B,58676,0,-66.9615363872847
1790439346203,BTC-PERP,perp,BTC,sell,0.65,84130.8,84114.49018272552,54685.02,0.0,0x3aAa2bB57a0eFeA8F6f89423A923f7107c33471B,58676,0,-66.9615363872847
1790439348731,BTC-PERP,perp,BTC,sell,0.65,84130.8,84114.49018272552,54685.02,0.0,0x3aAa2bB57a0eFeA8F6f89423A923f7107c33471B,58676,0,-66.9615363872847
1790439348731,BTC-PERP,perp,BTC,sell,0.3566,84130.8,84114.49018272552,30001.04,0.0,0x3aAa2bB57a0eFeA8F6f89423A923f7107c33471B,58676,0,-36.736129039547265
1790439351228,BTC-PERP,perp,BTC,sell,0.3436,84125.4,84114.49018272552,28905.49,0.0,0x3aAa2bB57a0eFeA8F6f89423A923f7107c33471B,58676,0,-37.25233831180157
1790439351228,BTC-PERP,perp,BTC,sell,0.65,84130.8,84114.49018272552,54685.02,0.0,0x3aAa2bB57a0eFeA8F6f89423A923f7107c33471B,58676,0,-66.9615363872847
1790439353549,BTC-PERP,perp,BTC,sell,0.3668,84124.7,84114.49018272552,30856.94,0.0,0x3aAa2bB57a0eFeA8F6f89423A923f7107c33471B,58676,0,-40.0243900720862
1790439353549,BTC-PERP,perp,BTC,sell,0.65,84125.5,84114.49018272552,54681.58,0.0,0x3aAa2bB57a0eFeA8F6f89423A923f7107c33471B,58676,0,-70.4065363872847
1790439355948,BTC-PERP,perp,BTC,sell,0.3668,84122.0,84114.49018272552,30855.95,0.0,0x3aAa2bB57a0eFeA8F6f89423A923f7107c33471B,58676,0,-41.014750072086194
1790439355948,BTC-PERP,perp,BTC,sell,0.65,84125.5,84114.49018272552,54681.58,0.0,0x3aAa2bB57a0eFeA8F6f89423A923f7107c33471B,58676,0,-70.4065363872847
1790439358131,BTC-PERP,perp,BTC,sell,0.6064,84120.1,84114.49018272552,51010.43,0.0,0x3aAa2bB57a0eFeA8F6f89423A923f7107c33471B,58676,0,-68.95844256192221
1790439360506,BTC-PERP,perp,BTC,sell,0.6064,84114.7,84114.49018272552,51007.15,0.0,0x3aAa2bB57a0eFeA8F6f89423A923f7107c33471B,58676,0,-72.23300256192222
1790439360506,BTC-PERP,perp,BTC,sell,0.3668,84119.2,84114.49018272552,30854.92,0.0,0x3aAa2bB57a0eFeA8F6f89423A923f7107c33471B,58676,0,-42.041790072086194
1790439360659,BTC-PERP,perp,BTC,buy,0.3668,84114.8,84114.49018272552,30853.31,0.0,0x15efc06FEa57Bda3ceA94A53D5426E78ed4651F3,58000,0,-114.23999680543092
1790439362899,BTC-PERP,perp,BTC,sell,0.3669,84114.6,84114.49018272552,30861.65,0.0,0x3aAa2bB57a0eFeA8F6f89423A923f7107c33471B,58676,0,-43.74099184691501
1790439362899,BTC-PERP,perp,BTC,sell,0.65,84114.7,84114.49018272552,54674.56,0.0,0x3aAa2bB57a0eFeA8F6f89423A923f7107c33471B,58676,0,-77.4265363872847
1790439484323,BTC-PERP,perp,BTC,buy,0.3668,84118.5,84111.4980706146,30854.67,0.0,0x15efc06FEa57Bda3ceA94A53D5426E78ed4651F3,58000,0,-115.59693730408647
1790439596722,BTC-PERP,perp,BTC,buy,0.3667,84127.8,84127.35957005339,30849.66,0.0,0x15efc06FEa57Bda3ceA94A53D5426E78ed4651F3,58000,0,-118.97689560900054
1790439596870,BTC-PERP,perp,BTC,buy,0.3667,84127.8,84127.35957005339,30849.66,0.0,0x15efc06FEa57Bda3ceA94A53D5426E78ed4651F3,58000,0,-118.97689560900054
1790440298186,BTC-PERP,perp,BTC,buy,0.3668,84112.8,84113.94109400912,30852.58,0.0,0x15efc06FEa57Bda3ceA94A53D5426E78ed4651F3,58000,0,-113.5063565242827
1790440902427,ETH-20260928-2800-C,option,ETH,buy,45.0,2.2,2692.2622408808397,121151.8,99.0,0x06797e69d2B9C5FA1Feecf0c7D6a83D40a79b811,61902,0,0.0
1790440902427,ETH-20260928-2800-C,option,ETH,buy,55.0,2.2,2692.2622408808397,148074.42,121.0,0x06797e69d2B9C5FA1Feecf0c7D6a83D40a79b811,61902,0,0.0
1790442228407,ZEC-20261002-1600-C,option,ZEC,buy,25.0,83.457837489252,1570.1219452901742,39253.05,2086.45,0xEe3361A43B2290E9b72990771853d3817e296248,63984,1,0.0
1790442323202,ZEC-PERP,perp,ZEC,sell,18.38,1570.982,1570.8683262820846,28874.65,0.0,0x978e3eb7997a9575cdE1799176829073d2876Fb9,7812,0,0.0
1790442479975,SOL-PERP,perp,SOL,sell,238.645,121.084,121.10248937738808,28896.09,0.0,0x978e3eb7997a9575cdE1799176829073d2876Fb9,7812,0,0.0
1790443199267,BTC-PERP,perp,BTC,buy,0.3436,84046.2,84044.18086060278,28878.27,0.0,0x978e3eb7997a9575cdE1799176829073d2876Fb9,7812,0,102.41173586146756
1790443220667,ETH-20260930-3100-C,option,ETH,buy,200.0,0.3,2687.042081299339,537408.42,60.0,0x88a8c3E302dDdDfBbF0Da70BA2971086255701d6,164,0,0.0
1790443600632,ETH-20260927-2700-C,option,ETH,buy,100.0,6.3,2688.3016622768614,268830.17,630.0,0x66b08788899b22aFE17D3c2B167Ce037CcDe9cd2,71782,1,0.0
1790444491972,ETH-20261002-3300-C,option,ETH,buy,200.0,0.6,2687.7984957499666,537559.7,120.0,0xB63b235536A7B383F0B342a980c8466AdC475795,63787,0,0.0
1790445664851,ETH-20261225-6000-C,option,ETH,buy,50.0,4.0723,2688.7688608824615,134438.44,203.62,0x14835dF8F003790C7FFC57623b905aBA20bBCBf1,73810,1,0.0
1790445664851,ETH-20261225-5400-C,option,ETH,buy,50.0,6.7264,2688.7688608824615,134438.44,336.32,0x14835dF8F003790C7FFC57623b905aBA20bBCBf1,73810,1,0.0
1790445664851,ETH-20261225-5000-C,option,ETH,buy,50.0,9.9583,2688.7688608824615,134438.44,497.91,0x14835dF8F003790C7FFC57623b905aBA20bBCBf1,73810,1,0.0
1790445664851,ETH-20261225-4600-C,option,ETH,buy,50.0,23.8583,2688.7688608824615,134438.44,1192.91,0x14835dF8F003790C7FFC57623b905aBA20bBCBf1,73810,1,0.0
1790445709246,HYPE-20261225-96-C,option,HYPE,sell,500.0,9.49,91.81137824858675,45905.69,4745.0,0x004ba33C4478FfCb6B28e658587A30c685bBF972,19481,0,-267.9706856143006
1790445835478,XAUT-20261030-4800-C,option,XAUT,buy,50.0,11.2,4278.272530014349,213913.63,560.0,0x14835dF8F003790C7FFC57623b905aBA20bBCBf1,73810,0,0.0
1790447408906,BTC-20261002-90000-C,option,BTC,buy,5.0,101.0,84056.4031963746,420282.02,505.0,0xB80efabF261F1FA31b0afD96f55246A7e0825b93,73816,0,0.0
1790447425350,BTC-20261002-90000-C,option,BTC,buy,3.65456,105.0,84055.13957585144,307184.55,383.73,0xB80efabF261F1FA31b0afD96f55246A7e0825b93,73816,0,0.0
1790447620489,SOL-PERP,perp,SOL,sell,229.961,121.274,121.22549690503341,27888.29,0.0,0x978e3eb7997a9575cdE1799176829073d2876Fb9,7812,0,0.0
1790448244904,BTC-20260930-82000-P,option,BTC,sell,3.95,254.0,84018.59944887545,331873.47,1003.3,0xEAc2374016613765cF31afDB4AEB6f5d13a63726,53987,0,0.0
1790448272876,BTC-PERP,perp,BTC,sell,0.3674,84021.5,84013.82845175901,30869.5,0.0,0x15efc06FEa57Bda3ceA94A53D5426E78ed4651F3,58000,0,0.0
1790448832297,SOL-PERP,perp,SOL,buy,238.728,121.001,120.92310021584548,28886.33,0.0,0x978e3eb7997a9575cdE1799176829073d2876Fb9,7812,0,50.9897974259001
1790451509070,ETH-20260928-2800-C,option,ETH,sell,229.78,0.9,2682.802141713078,616454.28,206.8,0x29C08ac6Cf5aDbD5a436B58e735981D8495F0d92,73264,1,-390.87375
1790453048589,ETH-20260928-2500-P,option,ETH,buy,2000.0,0.9,2684.2925909204355,5368585.18,1800.0,0xBc4713b3B41726541D373e57518012302FfBFAa7,70809,1,0.0
1790454795441,ETH-20261002-2800-C,option,ETH,buy,40.72,17.3,2683.8434802099896,109286.11,704.46,0x2150d44C2D6c627E924f3Ca843120d818ceC1be0,69680,0,0.0
1790454804280,ETH-20261002-2825-C,option,ETH,buy,46.62,13.6,2683.7174453014804,125114.91,634.03,0x2150d44C2D6c627E924f3Ca843120d818ceC1be0,69680,0,0.0
1790454813783,ETH-20261002-2850-C,option,ETH,buy,76.69,11.5,2683.745951842838,205816.48,881.93,0x2150d44C2D6c627E924f3Ca843120d818ceC1be0,69680,0,0.0
1790454822352,ETH-20261002-2900-C,option,ETH,buy,156.19,7.3,2683.7735696133736,419178.59,1140.19,0x2150d44C2D6c627E924f3Ca843120d818ceC1be0,69680,0,0.0
1790454836162,ETH-20261002-2900-C,option,ETH,buy,156.19,7.4,2683.7830525595655,419180.07,1155.81,0x2150d44C2D6c627E924f3Ca843120d818ceC1be0,69680,0,0.0
1790454840365,ETH-20261002-2850-C,option,ETH,buy,70.31,11.6,2683.7994828010205,188697.94,815.6,0x2150d44C2D6c627E924f3Ca843120d818ceC1be0,69680,0,0.0
1790454941746,ETH-20261002-2800-C,option,ETH,buy,42.18,18.1,2683.3579226106417,113184.04,763.46,0x2150d44C2D6c627E924f3Ca843120d818ceC1be0,69680,0,0.0
1790455179871,ETH-PERP,perp,ETH,sell,19.03,2680.27,2682.487265550642,51005.54,0.0,0x15efc06FEa57Bda3ceA94A53D5426E78ed4651F3,58000,0,0.0
1790455200662,ETH-PERP,perp,ETH,buy,19.067,2674.91,2675.812468010822,51002.51,0.0,0x3aAa2bB57a0eFeA8F6f89423A923f7107c33471B,58111,0,0.0
1790455204069,ETH-PERP,perp,ETH,sell,27.726,2673.94,2675.3819293028455,74137.66,0.0,0x3aAa2bB57a0eFeA8F6f89423A923f7107c33471B,58111,0,-575.8161203731933
1790455204257,ETH-PERP,perp,ETH,sell,19.074,2673.77,2675.3819293028455,50999.49,0.0,0x15efc06FEa57Bda3ceA94A53D5426E78ed4651F3,58000,0,0.0
1790455279261,ETH-PERP,perp,ETH,sell,19.115,2668.22,2669.757194052596,51003.03,0.0,0x15efc06FEa57Bda3ceA94A53D5426E78ed4651F3,58000,0,0.0
1790455499461,SOL-PERP,perp,SOL,buy,231.5,120.459,120.4215032413758,27886.26,0.0,0x978e3eb7997a9575cdE1799176829073d2876Fb9,7812,0,168.68168638709443
1790455514944,BTC-20260929-82000-P,option,BTC,buy,1.93274,155.0,83890.66455315184,162138.84,299.57,0xBc4713b3B41726541D373e57518012302FfBFAa7,70809,0,0.0
1790455618578,ETH-PERP,perp,ETH,buy,12.929,2673.96,2674.135787692066,34571.63,0.0,0x3aAa2bB57a0eFeA8F6f89423A923f7107c33471B,58111,0,0.0
1790455652120,ETH-PERP,perp,ETH,sell,19.142,2664.8,2668.003279298745,51009.6,0.0,0x15efc06FEa57Bda3ceA94A53D5426E78ed4651F3,58000,0,0.0
1790455874691,BTC-20260929-80000-P,option,BTC,buy,5.5,64.0,83928.82971150201,461608.56,352.0,0x95f702d4A557507B65a372a44e5815eD7687319F,69685,0,0.0
1790455874691,BTC-20260929-80000-P,option,BTC,buy,5.0,59.0,83928.82971150201,419644.15,295.0,0x95f702d4A557507B65a372a44e5815eD7687319F,69685,0,0.0
1790455894515,BTC-20260929-80000-P,option,BTC,buy,5.5,67.0,83926.85184272504,461597.69,368.5,0x95f702d4A557507B65a372a44e5815eD7687319F,69685,0,0.0
1790455913785,BTC-20260929-80000-P,option,BTC,buy,4.8149,67.0,83934.48650208957,404136.16,322.6,0x95f702d4A557507B65a372a44e5815eD7687319F,69685,0,0.0
1790456078511,ETH-PERP,perp,ETH,buy,12.01,2674.3,2673.6118634942163,32118.34,0.0,0x3aAa2bB57a0eFeA8F6f89423A923f7107c33471B,58111,0,0.0
1790456078511,ETH-PERP,perp,ETH,buy,19.073,2674.07,2673.6118634942163,51002.54,0.0,0x3aAa2bB57a0eFeA8F6f89423A923f7107c33471B,58111,0,0.0
1790456082010,ETH-PERP,perp,ETH,buy,16.834,2674.59,2673.6202654721474,45024.05,0.0,0x3aAa2bB57a0eFeA8F6f89423A923f7107c33471B,58111,0,0.0
1790456082010,ETH-PERP,perp,ETH,buy,19.07,2674.25,2673.6202654721474,50997.95,0.0,0x3aAa2bB57a0eFeA8F6f89423A923f7107c33471B,58111,0,0.0
1790456175888,ETH-PERP,perp,ETH,buy,16.12,2676.31,2675.864559714501,43142.12,0.0,0x3aAa2bB57a0eFeA8F6f89423A923f7107c33471B,58111,0,0.0
1790456178970,ETH-PERP,perp,ETH,sell,16.826,2675.88,2675.864559714501,45024.36,0.0,0x3aAa2bB57a0eFeA8F6f89423A923f7107c33471B,58111,0,-304.97344506633164
1790456178970,ETH-PERP,perp,ETH,sell,19.056,2676.09,2675.864559714501,50995.57,0.0,0x3aAa2bB57a0eFeA8F6f89423A923f7107c33471B,58111,0,-341.3907259850241
1790456181681,ETH-PERP,perp,ETH,sell,12.018,2675.86,2675.5978523538793,32158.49,0.0,0x3aAa2bB57a0eFeA8F6f89423A923f7107c33471B,58111,0,-218.06769703661683
1790456181681,ETH-PERP,perp,ETH,sell,19.058,2675.88,2675.5978523538793,50996.92,0.0,0x3aAa2bB57a0eFeA8F6f89423A923f7107c33471B,58111,0,-345.42797380960593
1790456184914,ETH-PERP,perp,ETH,sell,10.964,2675.17,2675.5978523538793,29330.56,0.0,0x3aAa2bB57a0eFeA8F6f89423A923f7107c33471B,58111,0,-206.5079317015699
1790456184914,ETH-PERP,perp,ETH,sell,19.059,2675.87,2675.5978523538793,50999.41,0.0,0x3aAa2bB57a0eFeA8F6f89423A923f7107c33471B,58111,0,-345.63668890005664
1790456187275,ETH-PERP,perp,ETH,buy,19.061,2675.88,2675.5235629696504,51004.95,0.0,0x3aAa2bB57a0eFeA8F6f89423A923f7107c33471B,58111,0,0.0
1790456230034,BTC-PERP,perp,BTC,sell,0.3569,84043.4,84020.30816864542,29995.09,0.0,0x15efc06FEa57Bda3ceA94A53D5426E78ed4651F3,58000,0,0.0
1790456261227,ETH-20260928-2550-P,option,ETH,buy,2000.0,3.4006,2676.367620850846,5352735.24,6801.2,0xBc4713b3B41726541D373e57518012302FfBFAa7,70809,1,0.0
1790456763124,ETH-20260929-2775-C,option,ETH,sell,200.0,4.9,2678.575914223634,535715.18,980.0,0xD9884e6f8a8Bc801E24bB19E371d71D626C22680,60502,1,0.0
1790457194072,BTC-PERP,perp,BTC,buy,0.3669,84100.0,84089.23299184124,30856.29,0.0,0x15efc06FEa57Bda3ceA94A53D5426E78ed4651F3,58000,0,-104.40354445846823
1790457248187,BTC-20260929-82000-P,option,BTC,buy,5.0,130.0,84101.41224562033,420507.06,650.0,0xBc4713b3B41726541D373e57518012302FfBFAa7,70809,0,0.0
1790457252672,ETH-20260929-2550-P,option,ETH,buy,94.05,6.3,2679.668884702968,252022.86,592.51,0xBc4713b3B41726541D373e57518012302FfBFAa7,70809,0,0.0
1790457252672,ETH-20260929-2550-P,option,ETH,buy,200.0,4.7,2679.668884702968,535933.78,940.0,0xBc4713b3B41726541D373e57518012302FfBFAa7,70809,0,0.0
1790457254540,ETH-20260929-2450-P,option,ETH,buy,200.0,2.1,2680.0166235903953,536003.32,420.0,0xBc4713b3B41726541D373e57518012302FfBFAa7,70809,0,0.0
1790457256044,ETH-20260929-2500-P,option,ETH,buy,200.0,2.9,2680.0166235903953,536003.32,580.0,0xBc4713b3B41726541D373e57518012302FfBFAa7,70809,0,0.0
1790457435378,ETH-PERP,perp,ETH,sell,13.061,2681.25,2681.221462282125,35019.81,0.0,0x3aAa2bB57a0eFeA8F6f89423A923f7107c33471B,58111,0,-163.31122593110248
1790457450287,BTC-PERP,perp,BTC,buy,0.3433,84120.0,84121.96495662148,28878.4,0.0,0x978e3eb7997a9575cdE1799176829073d2876Fb9,7812,0,76.98277383638592
1790457465104,ZEC-PERP,perp,ZEC,sell,18.03,1601.531,1601.9435069829906,28875.6,0.0,0x978e3eb7997a9575cdE1799176829073d2876Fb9,7812,0,0.0
1790457921771,ZEC-PERP,perp,ZEC,sell,17.58,1642.828,1642.588004733572,28880.92,0.0,0x978e3eb7997a9575cdE1799176829073d2876Fb9,7812,0,0.0
1790458090148,ETH-PERP,perp,ETH,sell,10.312,2687.39,2685.7122306817682,27712.37,0.0,0x15efc06FEa57Bda3ceA94A53D5426E78ed4651F3,58000,0,0.0
1790458156753,ZEC-20261002-1500-C,option,ZEC,buy,10.0,204.505334083673,1658.3076284329986,16583.08,2045.05,0xEe3361A43B2290E9b72990771853d3817e296248,63984,1,0.0
1790458205171,ZEC-PERP,perp,ZEC,sell,17.27,1672.135,1670.6885818963215,28877.77,0.0,0x978e3eb7997a9575cdE1799176829073d2876Fb9,7812,0,0.0
1790458224204,BTC-20260929-86000-C,option,BTC,buy,3.4,199.0,84230.58006658693,286383.97,676.6,0xF86fDfd001D7e7aD77E698FDd4dAC3B74518D999,73421,0,0.0
1790458224204,BTC-20260929-86000-C,option,BTC,buy,2.6,198.0,84230.58006658693,218999.51,514.8,0xF86fDfd001D7e7aD77E698FDd4dAC3B74518D999,73421,0,0.0
1790458232422,ETH-PERP,perp,ETH,buy,18.976,2688.11,2688.3591097400486,51009.58,0.0,0x3aAa2bB57a0eFeA8F6f89423A923f7107c33471B,58111,0,0.0
1790458241699,BTC-20260929-82000-P,option,BTC,buy,5.0,130.0,84205.33292578324,421026.66,650.0,0xBc4713b3B41726541D373e57518012302FfBFAa7,70809,0,0.0
1790458246158,ETH-20260929-2550-P,option,ETH,buy,200.0,4.4,2687.062700153149,537412.54,880.0,0xBc4713b3B41726541D373e57518012302FfBFAa7,70809,0,0.0
1790458248409,ETH-PERP,perp,ETH,sell,14.97,2687.13,2687.014957535729,40226.34,0.0,0x3aAa2bB57a0eFeA8F6f89423A923f7107c33471B,58111,0,-98.5653505008693
1790458248409,ETH-PERP,perp,ETH,sell,18.974,2687.76,2687.014957535729,50997.56,0.0,0x3aAa2bB57a0eFeA8F6f89423A923f7107c33471B,58111,0,-112.9748342687705
1790458250836,ETH-20260929-2450-P,option,ETH,buy,176.46,2.0,2687.014957535729,474150.66,352.92,0xBc4713b3B41726541D373e57518012302FfBFAa7,70809,0,0.0
1790458251646,ETH-PERP,perp,ETH,sell,16.007,2687.15,2687.014957535729,43013.21,0.0,0x3aAa2bB57a0eFeA8F6f89423A923f7107c33471B,58111,0,-105.0730173458527
1790458251646,ETH-PERP,perp,ETH,sell,18.979,2687.42,2687.014957535729,51004.54,0.0,0x3aAa2bB57a0eFeA8F6f89423A923f7107c33471B,58111,0,-119.45746522752161
1790458255040,ETH-PERP,perp,ETH,sell,17.126,2686.74,2686.7241445780064,46013.11,0.0,0x3aAa2bB57a0eFeA8F6f89423A923f7107c33471B,58111,0,-119.43926084494747
1790458255040,ETH-PERP,perp,ETH,sell,18.981,2687.08,2686.7241445780064,51003.47,0.0,0x3aAa2bB57a0eFeA8F6f89423A923f7107c33471B,58111,0,-125.92276562290948
1790458255064,ETH-20260929-2500-P,option,ETH,buy,42.48,2.8,2686.7241445780064,114132.04,118.94,0xBc4713b3B41726541D373e57518012302FfBFAa7,70809,0,0.0
1790458257814,ETH-PERP,perp,ETH,buy,18.241,2687.06,2686.4328697841834,49014.66,0.0,0x3aAa2bB57a0eFeA8F6f89423A923f7107c33471B,58111,0,0.0
1790458257814,ETH-PERP,perp,ETH,buy,18.986,2686.56,2686.4328697841834,51007.03,0.0,0x3aAa2bB57a0eFeA8F6f89423A923f7107c33471B,58111,0,0.0
1790458261269,ETH-PERP,perp,ETH,buy,15.641,2686.51,2686.4328697841834,42019.7,0.0,0x3aAa2bB57a0eFeA8F6f89423A923f7107c33471B,58111,0,0.0
1790458261269,ETH-PERP,perp,ETH,buy,18.986,2686.39,2686.4328697841834,51003.8,0.0,0x3aAa2bB57a0eFeA8F6f89423A923f7107c33471B,58111,0,0.0
1790458264635,ETH-PERP,perp,ETH,buy,14.226,2687.12,2686.033501218645,38226.97,0.0,0x3aAa2bB57a0eFeA8F6f89423A923f7107c33471B,58111,0,0.0
1790458264635,ETH-PERP,perp,ETH,buy,18.986,2686.41,2686.033501218645,51004.18,0.0,0x3aAa2bB57a0eFeA8F6f89423A923f7107c33471B,58111,0,0.0
1790458267987,ETH-PERP,perp,ETH,buy,18.984,2686.62,2685.846087430737,51002.79,0.0,0x3aAa2bB57a0eFeA8F6f89423A923f7107c33471B,58111,0,0.0
1790458267987,ETH-PERP,perp,ETH,buy,14.207,2686.46,2685.846087430737,38166.54,0.0,0x3aAa2bB57a0eFeA8F6f89423A923f7107c33471B,58111,0,0.0
1790458270461,ETH-PERP,perp,ETH,sell,14.526,2686.02,2685.846087430737,39017.13,0.0,0x3aAa2bB57a0eFeA8F6f89423A923f7107c33471B,58111,0,-107.5964204730176
1790458270461,ETH-PERP,perp,ETH,sell,18.984,2686.34,2685.846087430737,50997.48,0.0,0x3aAa2bB57a0eFeA8F6f89423A923f7107c33471B,58111,0,-134.54266414565373
1790458273240,ETH-PERP,perp,ETH,sell,14.524,2685.82,2685.837362972216,39008.85,0.0,0x3aAa2bB57a0eFeA8F6f89423A923f7107c33471B,58111,0,-110.4863871439416
1790458273240,ETH-PERP,perp,ETH,sell,18.988,2686.18,2685.837362972216,51005.19,0.0,0x3aAa2bB57a0eFeA8F6f89423A923f7107c33471B,58111,0,-137.60906794059233
1790458477706,ETH-PERP,perp,ETH,sell,10.307,2689.16,2686.8799410611045,27717.17,0.0,0x15efc06FEa57Bda3ceA94A53D5426E78ed4651F3,58000,0,0.0
1790458500107,BTC-PERP,perp,BTC,buy,0.3428,84250.6,84232.52078405132,28881.11,0.0,0x978e3eb7997a9575cdE1799176829073d2876Fb9,7812,0,32.095287334451406
1790458516196,ETH-20260929-2500-P,option,ETH,buy,1000.0,2.941478644716,2690.7644468594626,2690764.45,2941.48,0xBc4713b3B41726541D373e57518012302FfBFAa7,70809,1,0.0
1790458637708,ETH-PERP,perp,ETH,buy,16.372,2688.88,2688.1505303398717,44022.34,0.0,0x3aAa2bB57a0eFeA8F6f89423A923f7107c33471B,58111,0,0.0
1790458637708,ETH-PERP,perp,ETH,buy,18.968,2688.88,2688.1505303398717,51002.68,0.0,0x3aAa2bB57a0eFeA8F6f89423A923f7107c33471B,58111,0,0.0
1790458641100,ETH-PERP,perp,ETH,buy,13.882,2689.13,2688.141884679253,37330.5,0.0,0x3aAa2bB57a0eFeA8F6f89423A923f7107c33471B,58111,0,0.0
1790458641100,ETH-PERP,perp,ETH,buy,18.97,2688.88,2688.141884679253,51008.05,0.0,0x3aAa2bB57a0eFeA8F6f89423A923f7107c33471B,58111,0,0.0
1790458644856,ETH-PERP,perp,ETH,buy,14.881,2689.13,2688.141884679253,40016.94,0.0,0x3aAa2bB57a0eFeA8F6f89423A923f7107c33471B,58111,0,0.0
1790458644856,ETH-PERP,perp,ETH,buy,18.971,2688.84,2688.141884679253,51009.98,0.0,0x3aAa2bB57a0eFeA8F6f89423A923f7107c33471B,58111,0,0.0
1790458647804,ETH-PERP,perp,ETH,buy,16.526,2689.13,2688.006105449041,44440.56,0.0,0x3aAa2bB57a0eFeA8F6f89423A923f7107c33471B,58111,0,0.0
1790458647804,ETH-PERP,perp,ETH,buy,18.97,2688.84,2688.006105449041,51007.29,0.0,0x3aAa2bB57a0eFeA8F6f89423A923f7107c33471B,58111,0,0.0
1790458650353,ETH-PERP,perp,ETH,sell,10.91,2688.1,2688.006105449041,29327.17,0.0,0x3aAa2bB57a0eFeA8F6f89423A923f7107c33471B,58111,0,-56.33351619189985
1790458650353,ETH-PERP,perp,ETH,sell,18.967,2688.7,2688.006105449041,50996.57,0.0,0x3aAa2bB57a0eFeA8F6f89423A923f7107c33471B,58111,0,-86.55543717798024
1790458653430,ETH-PERP,perp,ETH,sell,15.706,2688.24,2687.954734010231,42221.5,0.0,0x3aAa2bB57a0eFeA8F6f89423A923f7107c33471B,58111,0,-78.89858299877332
1790458653430,ETH-PERP,perp,ETH,sell,18.969,2688.66,2687.954734010231,51001.19,0.0,0x3aAa2bB57a0eFeA8F6f89423A923f7107c33471B,58111,0,-87.32317795897943
1790458656116,ETH-PERP,perp,ETH,sell,16.817,2688.29,2687.954734010231,45208.97,0.0,0x3aAa2bB57a0eFeA8F6f89423A923f7107c33471B,58111,0,-83.63880556413923
1790458656116,ETH-PERP,perp,ETH,sell,18.97,2688.66,2687.954734010231,51003.88,0.0,0x3aAa2bB57a0eFeA8F6f89423A923f7107c33471B,58111,0,-87.32778142663503
1790458658840,ETH-PERP,perp,ETH,sell,13.834,2688.11,2687.974733640447,37187.31,0.0,0x3aAa2bB57a0eFeA8F6f89423A923f7107c33471B,58111,0,-71.29311304873235
1790458658840,ETH-PERP,perp,ETH,sell,18.972,2688.66,2687.974733640447,51009.26,0.0,0x3aAa2bB57a0eFeA8F6f89423A923f7107c33471B,58111,0,-87.33704527689389
1790459058916,ZEC-20261009-1700-C,option,ZEC,buy,15.0,192.9718,1670.7163672953907,25060.75,2894.58,0xEe3361A43B2290E9b72990771853d3817e296248,63984,1,0.0
1790459557255,ETH-PERP,perp,ETH,buy,9.943,2684.84,2685.035862456425,26695.36,0.0,0x15efc06FEa57Bda3ceA94A53D5426E78ed4651F3,58000,0,15.776269600178486
1790460394989,ETH-PERP,perp,ETH,buy,17.918,2690.31,2692.0263274430645,48204.97,0.0,0x3aAa2bB57a0eFeA8F6f89423A923f7107c33471B,58111,0,0.0
1790460398519,ETH-PERP,perp,ETH,sell,18.898,2690.0,2689.7062759212263,50835.62,0.0,0x3aAa2bB57a0eFeA8F6f89423A923f7107c33471B,58111,0,-60.227782037902216
1790460632728,BTC-PERP,perp,BTC,sell,0.3556,84351.6,84332.00920614346,29995.43,0.0,0x15efc06FEa57Bda3ceA94A53D5426E78ed4651F3,58000,0,0.0
1790461266935,ETH-PERP,perp,ETH,sell,15.681,2687.09,2687.1717142281796,42136.26,0.0,0x3aAa2bB57a0eFeA8F6f89423A923f7107c33471B,58111,0,-95.49120857443229
1790461475797,ETH-PERP,perp,ETH,buy,10.369,2689.29,2689.21576369778,27885.25,0.0,0x978e3eb7997a9575cdE1799176829073d2876Fb9,7812,0,35.029628198642826
1790461541938,ETH-PERP,perp,ETH,buy,9.591,2689.1,2688.9394434351143,25791.16,0.0,0x3aAa2bB57a0eFeA8F6f89423A923f7107c33471B,58111,0,0.0
1790463165746,ETH-PERP,perp,ETH,buy,11.562,2689.55,2689.4656467109253,31096.58,0.0,0x3aAa2bB57a0eFeA8F6f89423A923f7107c33471B,58111,0,0.0
1790463169169,ETH-PERP,perp,ETH,sell,18.958,2689.54,2689.4656467109253,50988.3,0.0,0x3aAa2bB57a0eFeA8F6f89423A923f7107c33471B,58111,0,-68.33977539181173
1790463660751,ETH-PERP,perp,ETH,buy,11.735,2689.61,2689.237526201366,31562.57,0.0,0x3aAa2bB57a0eFeA8F6f89423A923f7107c33471B,58111,0,0.0
1790463864641,ETH-PERP,perp,ETH,sell,13.664,2691.68,2691.1288920299003,36779.12,0.0,0x3aAa2bB57a0eFeA8F6f89423A923f7107c33471B,58111,0,-19.726400028589467
1790463958606,ETH-PERP,perp,ETH,buy,17.705,2691.75,2691.279837676232,47657.43,0.0,0x3aAa2bB57a0eFeA8F6f89423A923f7107c33471B,58111,0,0.0
1790464326181,ETH-PERP,perp,ETH,buy,10.668,2692.67,2692.510102887673,28725.4,0.0,0x3aAa2bB57a0eFeA8F6f89423A923f7107c33471B,58111,0,0.0
1790464365563,HYPE-20261225-105-C,option,HYPE,sell,1000.0,6.870889535942,92.05351967876268,92053.52,6870.89,0xa60d9Cacaa6Cc7d4Aad4941a7586a618AC3f01d6,72147,1,0.0
1790464365563,HYPE-20261225-100-C,option,HYPE,buy,1000.0,8.458528507738,92.05351967876268,92053.52,8458.53,0xa60d9Cacaa6Cc7d4Aad4941a7586a618AC3f01d6,72147,1,0.0
1790464896816,BTC-20260929-80000-P,option,BTC,sell,5.0,52.0,84416.25978674868,422081.3,260.0,0xEAc2374016613765cF31afDB4AEB6f5d13a63726,53987,0,0.0
1790465250460,ZEC-20261030-1500-C,option,ZEC,sell,100.0,314.0431,1650.2900147999476,165029.0,31404.31,0x7573eDB4bE971900B1e98137Fcf48fFDa1d16dC8,71490,1,23730.27201204624
1790465429088,ZEC-20261030-1500-C,option,ZEC,sell,100.0,316.6996,1654.7565421846289,165475.65,31669.96,0x7573eDB4bE971900B1e98137Fcf48fFDa1d16dC8,71490,1,23995.788016224702
1790465694194,ETH-PERP,perp,ETH,sell,9.596,2695.7,2695.439225489974,25867.94,0.0,0x3aAa2bB57a0eFeA8F6f89423A923f7107c33471B,58111,0,24.58024338945505
1790466111880,BTC-PERP,perp,BTC,sell,0.3553,84429.3,84398.56139354783,29997.73,0.0,0x15efc06FEa57Bda3ceA94A53D5426E78ed4651F3,58000,0,0.0
1790466244207,SOL-PERP,perp,SOL,sell,229.96,121.272,121.24005088112173,27887.71,0.0,0x978e3eb7997a9575cdE1799176829073d2876Fb9,7812,0,0.0
1790466612315,ZEC-20261030-1500-C,option,ZEC,sell,100.0,313.6117,1650.0095426018147,165000.95,31361.17,0x7573eDB4bE971900B1e98137Fcf48fFDa1d16dC8,71490,1,23687.140426212183
1790466769945,ZEC-20261030-1500-C,option,ZEC,sell,100.0,313.9205,1650.4272122870111,165042.72,31392.05,0x7573eDB4bE971900B1e98137Fcf48fFDa1d16dC8,71490,1,23718.007896121628
1790467114800,ETH-20261002-2900-C,option,ETH,sell,66.24,6.0,2695.625346754909,178558.22,397.44,0x811C5fD9eD6B5b009ad6725521ED2B8E424d2573,71801,0,-832.988408220788
