bar_close,symbol,signal,unified_signal,signal_status,regime,regime_probability,raw_signal,zscore,heat,heat_phase,exhaustion_state,divergence,conditions_met,conditions_total,price,funding_rate,oi_trend,ribbon,data_status,volume_status,history_bars
1790899200,ADA-PERP,WAIT,WAIT,ready,FLAT,0.0,WAIT,0.0,5,Neutral,NEUTRAL,,6,9,0.24623825800762364,1.25e-05,STABLE,gold,not enough data,ok,197
1790899200,BNB-PERP,LIGHT_LONG,LIGHT_LONG,ready,MARKUP,99.2,LIGHT_LONG,1.259,21,Extension,NEUTRAL,,7,9,771.4403178850358,1.25e-05,STABLE,gold,ready,thin,599
1790899200,BTC-PERP,LIGHT_LONG,LIGHT_LONG,ready,MARKUP,100.0,LIGHT_LONG,1.4,24,Extension,NEUTRAL,,7,9,84838.18616553259,1.25e-05,STABLE,gold,ready,ok,599
1790899200,CC-PERP,WAIT,WAIT,ready,FLAT,0.0,WAIT,0.0,0,Neutral,NEUTRAL,,6,9,0.11999298349731566,1.25e-05,STABLE,grey,not enough data,thin,120
1790899200,DOGE-PERP,LIGHT_LONG,LIGHT_LONG,ready,MARKUP,99.8,LIGHT_LONG,1.163,7,Neutral,NEUTRAL,,7,9,0.09431854092365836,1.25e-05,STABLE,gold,ready,thin,599
1790899200,ETH-PERP,LIGHT_LONG,LIGHT_LONG,ready,MARKUP,99.9,LIGHT_LONG,1.361,25,Extension,NEUTRAL,,7,9,2704.8656003809847,-2.385e-06,STABLE,gold,ready,ok,599
1790899200,HYPE-PERP,ACCUMULATE,ACCUMULATE,ready,REACC,92.9,LIGHT_LONG,-1.143,26,Extension,NEUTRAL,,5,9,87.63662886109485,1.25e-05,STABLE,gold,warming up,ok,394
1790899200,LINK-PERP,LIGHT_LONG,LIGHT_LONG,ready,MARKUP,100.0,LIGHT_LONG,1.699,36,Extension,NEUTRAL,,7,9,14.377188935632796,1.25e-05,STABLE,gold,ready,thin,599
1790899200,LIT-PERP,WAIT,WAIT,ready,FLAT,0.0,WAIT,0.0,0,Neutral,NEUTRAL,,6,9,3.8049545634481152,1.25e-05,STABLE,,not enough data,thin,18
1790899200,PUMP-PERP,WAIT,WAIT,ready,FLAT,0.0,WAIT,0.0,0,Neutral,NEUTRAL,,6,9,0.005822011288917207,1.25e-05,BUILDING,,not enough data,thin,18
1790899200,SOL-PERP,LIGHT_LONG,LIGHT_LONG,ready,MARKUP,100.0,LIGHT_LONG,1.476,27,Extension,NEUTRAL,,7,9,118.35686941607477,1.25e-05,STABLE,gold,ready,ok,599
1790899200,VVV-PERP,WAIT,WAIT,ready,FLAT,0.0,WAIT,0.0,0,Neutral,NEUTRAL,,6,9,26.216841804320808,1.25e-05,SQUEEZE,,not enough data,thin,18
1790899200,XAUT-PERP,WAIT,WAIT,ready,FLAT,0.0,WAIT,0.0,0,Neutral,NEUTRAL,,6,9,4182.142597499586,1.25e-05,STABLE,grey,not enough data,thin,120
1790899200,XRP-PERP,LIGHT_LONG,LIGHT_LONG,ready,MARKUP,100.0,LIGHT_LONG,1.515,14,Neutral,NEUTRAL,,7,9,1.4935003810367364,1.25e-05,STABLE,gold,ready,ok,599
1790899200,ZEC-PERP,WAIT,WAIT,ready,FLAT,0.0,WAIT,0.0,0,Neutral,NEUTRAL,,6,9,1334.8210324444055,1.25e-05,STABLE,gold,not enough data,ok,120
