ts,feature,value
1790899200,atm_iv_30d,0.4694600187919803
1790899200,atm_iv_7d,0.38954578155745684
1790899200,atm_iv_90d,0.5102448181785956
1790899200,bf25_30d,0.021624760990602333
1790899200,funding_1h,-3.172e-06
1790899200,funding_ann,-0.02778672
1790899200,index_price,2704.13
1790899200,option_oi_contracts,314420.8119999999
1790899200,pc_oi_ratio,0.07020160266309532
1790899200,perp_basis,-0.0006804406592878839
1790899200,perp_oi_contracts,15859.803
1790899200,rr25_30d,-0.0012840630097531453
1790900100,atm_iv_30d,0.47005229889871997
1790900100,atm_iv_7d,0.3910694928937363
1790900100,atm_iv_90d,0.510644767613559
1790900100,bf25_30d,0.02219887464862113
1790900100,funding_1h,-1.254e-06
1790900100,funding_ann,-0.01098504
1790900100,index_price,2705.39
1790900100,option_oi_contracts,314420.8119999999
1790900100,pc_oi_ratio,0.07020160266309532
1790900100,perp_basis,-0.000639464180765072
1790900100,perp_oi_contracts,15858.694
1790900100,rr25_30d,-0.002096022795401729
1790901000,atm_iv_30d,0.4703527142742412
1790901000,atm_iv_7d,0.39071007056081847
1790901000,atm_iv_90d,0.5111801894890823
1790901000,bf25_30d,0.0217551145073074
1790901000,funding_1h,2.04e-06
1790901000,funding_ann,0.017870399999999998
1790901000,index_price,2702.06
1790901000,option_oi_contracts,314420.8119999999
1790901000,pc_oi_ratio,0.07020160266309532
1790901000,perp_basis,-0.0005995425712233966
1790901000,perp_oi_contracts,15871.275
1790901000,rr25_30d,-0.00314803257299425
1790901900,atm_iv_30d,0.47093024738002437
1790901900,atm_iv_7d,0.39094422898921705
1790901900,atm_iv_90d,0.5112665435202338
1790901900,bf25_30d,0.021544392524721078
1790901900,funding_1h,3.881e-06
1790901900,funding_ann,0.03399756
1790901900,index_price,2703.54
1790901900,option_oi_contracts,314428.252
1790901900,pc_oi_ratio,0.07019982494342959
1790901900,perp_basis,-0.0005770212388201934
1790901900,perp_oi_contracts,15867.882
1790901900,rr25_30d,-0.0040597832088939585
1790902800,atm_iv_30d,0.4707522335530374
1790902800,atm_iv_7d,0.39199110128781406
1790902800,atm_iv_90d,0.5110035564369253
1790902800,bf25_30d,0.02172542434240618
1790902800,funding_1h,3.295e-06
1790902800,funding_ann,0.0288642
1790902800,index_price,2706.33
1790902800,option_oi_contracts,314431.03099999996
1790902800,pc_oi_ratio,0.07019916094999938
1790902800,perp_basis,-0.0005542561328441099
1790902800,perp_oi_contracts,15867.222
1790902800,rr25_30d,-0.0042423232142321755
1790903700,atm_iv_30d,0.47061768725310127
1790903700,atm_iv_7d,0.39467297148629876
1790903700,atm_iv_90d,0.5107874866490276
1790903700,bf25_30d,0.021697761810590927
1790903700,funding_1h,1.946e-06
1790903700,funding_ann,0.017046960000000003
1790903700,index_price,2703.12
1790903700,option_oi_contracts,314440.9319999999
1790903700,pc_oi_ratio,0.07023322066975826
1790903700,perp_basis,-0.0005845097516943115
1790903700,perp_oi_contracts,15867.222
1790903700,rr25_30d,-0.0020872284900838012
1790904600,atm_iv_30d,0.4717107311814178
1790904600,atm_iv_7d,0.3952104113550983
1790904600,atm_iv_90d,0.510930727708306
1790904600,bf25_30d,0.021332047201276013
1790904600,funding_1h,3.063e-06
1790904600,funding_ann,0.02683188
1790904600,index_price,2700.83
1790904600,option_oi_contracts,314440.9319999999
1790904600,pc_oi_ratio,0.07023322066975826
1790904600,perp_basis,-0.0005738976536841368
1790904600,perp_oi_contracts,15868.33
1790904600,rr25_30d,-0.004116528633109061
1790905500,atm_iv_30d,0.4720421088028308
1790905500,atm_iv_7d,0.3948903449812337
1790905500,atm_iv_90d,0.5112795285862788
1790905500,bf25_30d,0.02135638696788993
1790905500,funding_1h,3.214e-06
1790905500,funding_ann,0.02815464
1790905500,index_price,2699.64
1790905500,option_oi_contracts,314440.9319999999
1790905500,pc_oi_ratio,0.07023322066975826
1790905500,perp_basis,-0.0005778548250877693
1790905500,perp_oi_contracts,15867.22
1790905500,rr25_30d,-0.004094710683219503
