from_ms,through_ms
1790984779258,1790985690532
1790985690532,1790986571143
1790986571143,1790987492272
1790987492272,1790988396655
1790988396655,1790989310255
1790989310255,1790990180258
1790990180258,1790991096892
1790991096892,1790992004619
1790992004619,1790992910518
1790992910518,1790993777580
1790993777580,1790994703761
1790994703761,1790995576721
1790995576721,1790996518315
1790996518315,1790997378341
1790997378341,1790998305752
1790998305752,1790999178406
1790999178406,1791000120357
1791000120357,1791000995936
1791000995936,1791001898196
1791001898196,1791002776582
1791002776582,1791003704243
1791003704243,1791004577383
1791004577383,1791005495346
1791005495346,1791006383325
1791006383325,1791007313341
1791007313341,1791008182129
1791008182129,1791009098048
1791009098048,1791009984130
1791009984130,1791010909280
1791010909280,1791011779883
1791011779883,1791012705878
1791012705878,1791013590576
1791013590576,1791014506560
