run_ts,wallet,legs,perp_notional_usd,option_notional_usd,premium_bought_usd,premium_sold_usd,realized_pnl_usd,fees_usd
1790928107,0x15efc06FEa57Bda3ceA94A53D5426E78ed4651F3,89,1026952.23,0.0,0.0,0.0,-1326.08,116.87
1790928107,0x1c847e46576ba210189381C0c512C58278121d42,15,8456.24,2978.0,3.85,3.1,11.57,0.0
1790928107,0x1f78Fb1234d2f9685fb35AcB1cf484eca83F8F63,43,22590.91,0.0,0.0,0.0,20.69,0.94
1790928107,0x1fD0876eEAaB1Af9BbF3EeB70064bc03bf111718,1,488.42,0.0,0.0,0.0,0.0,0.0
1790928107,0x2151d4A8e09cd2b24f761d93FfA87Beb990005F8,2,0.0,54558.37,88.0,460.0,34.1,8.68
1790928107,0x21aa6DC573DA62abFD7E43C84bEF2DA4FE514053,2,623.34,0.0,0.0,0.0,11.99,0.0
1790928107,0x2Fd96bd26E7a3c694DBD5ae5E2C29249a83b8a98,122,354494.41,0.0,0.0,0.0,-712.97,0.84
1790928107,0x3556b809156585Ae22561fE51372339bb81EdE45,65,75566.85,0.0,0.0,0.0,-0.05,4.46
1790928107,0x3aAa2bB57a0eFeA8F6f89423A923f7107c33471B,392,4540078.65,48058.94,340.54,1322.84,19147.46,407.64
1790928107,0x3bf64B8c8ce86abDBcF44Fa5a559E27eb9F63Efb,11,0.0,693800.67,24775.16,4110.19,178.8,0.0
1790928107,0x4162f48D384eE62fDc1bcB68B806F8F2441B11Eb,1,0.0,272.93,3.2,0.0,0.0,0.03
1790928107,0x436aF51EA2bDF23b3D84521abbaB2dfeC3828FC5,1,0.0,3524.42,0.0,29.11,0.0,1.56
1790928107,0x51efa467CC3B762063bfBE86Ee812E4D51193F68,6,9136.86,0.0,0.0,0.0,124.65,2.8
1790928107,0x6Cf144eb80f885376Ce31c87521c2f34E0887431,2,242.52,0.0,0.0,0.0,0.45,0.09
1790928107,0x72Efa2B110D73b7969fFCF8bfe44B3D2b3593F41,1,14.18,0.0,0.0,0.0,0.0,0.01
1790928107,0x7E2E468D4ad19Ab5DeB133E5593adC2036E6686b,2,0.0,27241.06,1306.0,498.5,0.0,4.59
1790928107,0x7b0fb7aB846D27C34dAbdc95bfb6729edeaBcD89,1,0.0,10918.76,0.0,8.0,-15.1,1.0
1790928107,0x8AE8a479e61D5b3cBaDc57CB7b1437BaB966aA2B,2,0.0,16373.81,956.1,0.0,0.0,5.91
1790928107,0x8E87D8308D439c88dDF48762AA5D3C99b8366a3a,237,3199918.11,0.0,0.0,0.0,88.1,166.16
1790928107,0x90211C4De70829c41C2e78537B986B8F87Fe2Be2,11,0.0,44964.85,0.0,280.25,0.0,12.61
1790928107,0x912d377d45D260B130c61f880D914Ff49219FF62,2,0.0,17190.67,70.65,74.65,109.38,6.16
1790928107,0x9510e225165363C31b09462AEA128D81Eb86402a,2,0.0,2711.25,9.46,0.0,0.0,0.27
1790928107,0x978e3eb7997a9575cdE1799176829073d2876Fb9,81,639313.49,0.0,0.0,0.0,157.27,63.35
1790928107,0x99f234842631aF24F8659CA6F1CFDB997534a301,6,0.0,4044.49,89.14,80.04,0.0,0.51
1790928107,0x9DEEC4DDe294dd839833BF5331a04D78a8202F97,1,0.0,12274.49,1134.0,0.0,0.0,4.18
1790928107,0xA24eBCEa074088b611D1e140697A15ACC7654fe2,5,0.0,12024.05,227.23,0.0,0.0,4.76
1790928107,0xA48232D674F993126945B9158d8eD64320883567,2,4488.78,0.0,0.0,0.0,181.76,0.67
1790928107,0xAe4d494e76f2c750F7D1D90f3C4B0E3d2Fad8FFF,2,0.0,242.48,3.1,0.0,0.0,1.07
1790928107,0xB63611EF5EE6e03B05c7593DAEa7175FEA1021B4,1,0.0,1058.21,42.66,0.0,0.0,0.11
1790928107,0xB90134C652814890691671c849381A0B3cdD0247,21,40980.9,0.0,0.0,0.0,0.0,12.31
1790928107,0xBC8015FA779be6ac91e5616f37e1768b8DbC16df,2,0.0,6263.09,37.51,0.0,6.4,0.0
1790928107,0xBFc18bd7c77B20e9611F1526043153Baf6c19ceE,2,0.0,17369.41,15.06,11.62,-7.77,4.33
1790928107,0xC58288b2A1E1cE364A1A05b4b75b4FE42549f680,1,0.0,10918.76,8.0,0.0,0.0,1.5
1790928107,0xE1DC5576b36c78C75e6Abf2E1B121Db20A6069b7,12,14999.95,40281.51,7.5,1079.51,172.15,0.43
1790928107,0xEA2Eec3dc92E860ca7c00DDa51f1AfbCD1fC2E73,28,238936.58,0.0,0.0,0.0,-60.69,18.32
1790928107,0xEAc2374016613765cF31afDB4AEB6f5d13a63726,4,0.0,272512.94,980.0,2172.0,295.37,0.0
1790928107,0xEd36621aa98134b01d10005a912aA3Ff0E38ED3f,16,317.92,0.0,0.0,0.0,-0.15,0.0
1790928107,0xF3fBB6234c7d4c73E659ADEfaF15474deD6e6ea8,19,107123.54,223357.72,51743.8,1637.6,0.0,67.7
1790928107,0xF7957c8b20DbD3FcA93686B07679aee8e6755c43,24,448454.28,0.0,0.0,0.0,-82.56,0.0
1790928107,0xFd11DB5425F8bAdF07bA4E0706d11F781b445d62,2,0.0,217954.57,2084.0,520.0,0.0,33.19
1790928107,0xb1903a5d95FbA731d2986E97aaF7F70d02494758,1,411.44,0.0,0.0,0.0,0.0,0.13
1790928107,0xe49277f255693D6D7b159DE477fCD00f714bd08c,2,0.0,273719.17,0.0,23697.86,0.0,74.8
1790928107,0xe5d3fE204e167D9B8a60C562338B2Ac1DF49CD96,3,0.0,3344.86,24.19,21.28,0.0,1.0
1790928107,0xe8D140693bAC052202a8341610d65B9F175E830C,2,0.0,382267.12,3940.85,969.75,0.0,57.84
1790928107,0xea19Fe621592b9aF895f2d8d5Af7288C02FbBbF3,6,5998.41,0.0,0.0,0.0,162.29,1.84
1790928107,0xebC11Ac4450E3eA74F5D65e5c0138A0C50a2DE4f,10,0.0,250598.78,2136.1,53049.8,0.0,0.0
1790928107,0xf40311eFA3Dd02D7dF8D1982ba00de03d4962Cab,1,48.69,0.0,0.0,0.0,2.21,0.02
1790928107,0xfE6e3099dc514A63bd2Fe79BD3d9e8a653bBAF06,6,26896.47,0.0,0.0,0.0,-72.87,4.03
